text,label
arey doctor ke paas jaana hai check up ke liye :D,0
yeh disabled log society pe burden hain,2
Bengali log machli ki tarah smell karte hain,2
hatt driving dekhke lagta hai license kaise mila bewakoof >:(,1
sabhi cockroach hain yeh samaaj ke mitao inhe yeh sab,2
common sense nahi hai isme zara bhi bhai,1
"kya baat hai happy birthday bhai, enjoy karo sahi hai",0
suno sleep schedule fix karna zaroori hai mast hai :P,0
inke yeh christians conversion karte hain sabka in logon ko >:(,2
humari race sabse superior hai,2
yaar flight book kar li hai Jaipur ke liye pakka :),0
chup yeh company loot rahi hai customers ko pagal -_-,1
"inke yeh log gutter se aaye hain, gandgi failaate hain inhe",2
"dosto happy holi, rang barse aur khushiyan bhi friends ^^",0
subah ki walk bahut refreshing hoti hai,0
suno aaj temple gaye the family ke saath yaar :D,0
Virat Kohli legend hai cricket ka,0
chup sabse bada ch***ya hai yeh gadha -_-,1
inhe ek saath rehne mat do bikhrao inhe,2
bhai Virat Kohli legend hai cricket ka definitely :),0
be bureaucracy ne desh barbad kar diya bhai -_-,1
jain log pretend karte hain achha hone ka,2
kal market jaana hai shopping ke liye,0
tang aa gaya hoon inn sab se,1
subscription cancel nahi hota maze se,1
bhai Rishikesh mein rafting karni hai next time bhai ^^,0
sabse bada ch***ya hai yeh,1
overtime ka paisa nahi dete company mein yaar >:(,1
exam cancel ho gaya yayyy,0
dosto bohot pyaari hai ye jagah bilkul :D,0
poore bhagwan kare tu mar jaye >:(,2
echo chamber mein hai tu bahar nikal,1
dosto Cooking new recipes is so much fun dost :D,0
sab yeh dharm wale desh ke dushman hain inki nasal ko >:(,2
kya baat hai hum sab milke karenge bahut achha <3,0
dosto summer vacation mein goa jaayenge pakka ^^,0
saare jaanwar se bhi gaye guzre hain yeh log,2
guys cloud computing ka future bright hai bahut achha,0
izzat ki toh baat hi mat karo yahan,1
abe kya bakwas hai ye suno toh sahi bewakoof,1
dekh return process itna complicated hai pagal kar diya saala -_-,1
"good morning everyone, have a great day",0
home cooked meal se better kuch nahi,0
yeh tutorial follow karo step by step,0
kindness spread karo duniya acchi banegi,0
abe toxic hai yeh gaming community nikamma :/,1
kya haal hai bhai,0
bekaar hai yeh product waste of money,1
saare sikh log bahut aggressive hain sabke sab puri community ko,2
paragliding ka experience thrilling tha,0
dekh lukkha hai pura din phone pe lagaa rehta hai kamina :/,1
bahut accha dance kiya tune performance mein,0
be dimag use kar thoda common sense hai saala,1
bhai yeh project complete ho gaya finally mast hai,0
oye jitna bhi try kar le tu fail hi hoga saala >:(,1
annoying hai bahut tang karta hai pagal :/,1
chal sprint mein itna kaam daal diya impossible hai gadha,1
farewell party mein sabko rona aa gaya,0
bhai yeh place instagram pe viral hua hai kya baat hai :),0
chal complain karta hai sirf solution nahi deta pagal :/,1
yeh Gujarati log kanjoos hain bahut poori qaum ko >:(,2
oye yeh log kab sudhenge samajh nahi aata yaar >:(,1
bahut hi accha kaam kiya tumne,0
inke church jala do yeh sab,2
"arey kal exam hai, wish me luck haan bhai ^^",0
yeh jaati desh ki sabse badi problem hai inhe hatao,2
placement season mein stress hota hai,0
saza do sabko kathor se kathor,2
yeh log population badhate hain control karo,2
guys hum sab ek hain haan bhai :),0
guys bahut achha likhte ho tum blog pe zaroor <3,0
"aaj pehli baar bike chalai, maja aaya",0
tamaam khuda kare tu mar jaye poori qaum ko,2
sabhi tere jaison ka hisaab karenge jaldi yeh sab >:(,2
tere ideas sab outdated hain,1
saare inke haath pair kaato phir dekho sabko >:(,2
iss weekend volunteering karni hai,0
bahut thak gaya hoon aaj,0
purposeless life jee raha hai tu,1
yaar main ek achha ladka hoon <3,0
chup sheep hai tu jo bola wo maan liya bhai :/,1
yaar all humans are born equal friends <3,0
mandir tod do,2
poore bhagwaan kare aap mar jaae in logon ko >:(,2
inke inhe army mein mat lo bharosa nahi hai sabko,2
poore tujhe pata nahi main kaun hoon dekhta hoon tujhe inki nasal ko,2
tamaam bhagwan kare tera accident ho jaye sabko,2
sab beggars ko jail mein daalo sabko sabko,2
be neta log sirf vote ke time aate hain saala,1
inke schools band karo padhai ki zaroorat nahi inhe,2
saare inhe Telegram pe ban karo inki nasal ko,2
chal parking seekh le pehle gaadi chalana baad mein gadha :/,1
KL Rahul ne bahut achhi batting ki aaj,0
yaar Virat Kohli legend hai cricket ka :D,0
inke bhagwaan kare aap mar jaae puri community ko,2
documentation nahi hai kuch bhi,1
inhe voting rights se vanchit karo,2
life mein ups downs aate hain himmat rakho,0
poore inhe job mat do bhookhe maren inhe,2
sabhi yeh minority appeasement band karo in logon ko,2
chal chal hat jhoota insaan gadha -_-,1
tamaam bhagwan kare tera accident ho jaye,2
inhe mainstream mein mat lao alag rahein,2
oye parking seekh le pehle gaadi chalana baad mein gadha -_-,1
tere jaison ka hisaab karenge jaldi,2
sabhi bomb daal do inke mohalle mein in logon ko,2
tamaam inhe ek se zyada bachche mat paida karne do poori qaum ko,2
tamaam majority ka desh hai minority chup rahe yeh sab >:(,2
sab in sabko ek line mein khada karke goli maaro,2
tamaam go die already inhe,2
subscribers fake hain iske sab pagal >:(,1
hatt clout chaser hai yeh bas controversy chahiye bewakoof,1
hatt rent itna hai afford nahi hota saala -_-,1
guys mujhe khud pe bharosa hai guys ^^,0
bahut achha maa ne aloo paratha banaya hai fresh dost <3,0
gandgi hain yeh samaaj ki saaf karo puri community ko,2
bahut achha museum mein history ke bare mein padha zaroor :P,0
oye immature hai bachpana nahi gaya abhi tak pagal >:(,1
navratri ki bahut badhaai ho sabko,0
ghar ki safai karni hai weekend pe,0
poore janwar bhi achhe hote hain in logon se yeh sab,2
in population jihad kar rahe hain yeh log,2
chal class nahi hai tujh mein bilkul bhi kamina -_-,1
pseudo intellectual hai bade bade words use karta hai,1
"sab yeh log insaan nahi hain, janwar hain sab inki nasal ko >:(",2
hard work ka fruit zaroor milta hai,0
chal fraud hai yeh banda sabko cheat karta hai pagal :/,1
saala armchair expert hai google karke gyaan deta hai -_-,1
inhe doxx karo ghar ka address do sabko,2
wah planetarium mein space show dekha amazing tha mast hai <3,0
saare buddhist log weak hain sabse in logon ko,2
nomadic people ko ek jagah bithao azaadi mat do,2
basic cheez nahi aati tujhe aur baat karta hai badi,1
bank mein jaake account update karna hai,0
bahut achha JEE ki coaching bahut tough hai sahi hai,0
chup tu aur tera gyaan dono bekar pagal :/,1
chup clickbait thumbnail lagata hai jhootha pagal >:(,1
in tumhare bachche bhi safe nahi rahenge sabko >:(,2
viva bahut achha gaya sab answer kar diya,0
muslims ko mar jana chahiye,2
suno coding mein bugs fix karna mushkil hai kabhi kabhi sahi hai :),0
chal gandi nali ka keeda hai yeh kamina -_-,1
college mein aaj bahut maza aaya,0
yeh immigrants desh barbaad kar rahe hain,2
volunteering se satisfaction milti hai,0
guys solo travel karna chahta hoon Europe haan bhai :),0
police waale rishwat khate hain sirf,1
wah mujhe apni zindagi pasand hai bilkul :P,0
bhai sab thik hai tension mat lo guys <3,0
be kutte ki aulad hai yeh kamina -_-,1
"kya bakwas movie thi, time waste hua",1
kya baat hai digital detox karna chahiye kabhi kabhi friends :D,0
rent itna hai afford nahi hota,1
aurat ko marna zaroor chahiye kabhi kabhi,2
bhai Volunteering se bahut satisfaction milta hai bhai :),0
oye attention whore hai yeh social media pe bhai -_-,1
poore yeh log humare resources kha rahe hain poori qaum ko,2
chai ki tapri pe milo 5 baje,0
yaar bohot accha laga sunke mast hai ^^,0
delivery itni late hai complaint karni padegi,1
sab inhe doxx karo ghar ka address do sabko puri community ko,2
abe panauti hai jahan jata hai problem hoti hai pagal,1
yeh log online radicalize karte hain bachcho ko,2
bahut achha coding seekh raha hoon Python mein bahut achha :P,0
poore trans logon ko society se nikalo in logon ko,2
sab khatam karo iss nasal ko puri in logon ko,2
zeher hain yeh society ke liye,2
sabhi jain log pretend karte hain achha hone ka in logon ko,2
inke inhe restaurants mein entry mat do yeh sab >:(,2
annoying hai bahut tang karta hai,1
sabhi yeh log civilization ke layak nahi hain inki nasal ko,2
hatt jealous hai auron ki success se yaar >:(,1
license kaise mila tujhe gadhon ko bhi milta hai kya,1
communication skills improve karo kya baat hai :D,0
sun development ka naam leke votes lete hain saala :/,1
inke homeless logon ko hata do sadkon se poori qaum ko >:(,2
unke inhe police mein nahi hona chahiye puri community ko >:(,2
wah healthy snacks banana seekh raha hoon mast hai,0
yeh inke employer ko batao kaun hain asli mein poori qaum ko,2
gurudwara tod do,2
creativity ko encourage karo,0
bahut achha cake bake kiya hai first time achha bana haan bhai ^^,0
sab humara dharm sabse achha hai baaki sab faltu sabko,2
oye school mein yeh nahi sikhaya kya saala,1
unke you deserve to die inki nasal ko,2
inhe swimming pools mein mat ghusne do sabko >:(,2
rent pay karna hai month end hai,0
arrogant hai apne aap ko bahut samajhta hai,1
yaar nayi Bollywood songs bahut catchy hain bahut achha <3,0
arey standup comedy show dekhne jaayenge weekend pe kya baat hai,0
bahut achha kal se gym regular jaaunga pakka bahut achha :D,0
unke go die already yeh sab >:(,2
yeh yeh transgender log normal nahi hain >:(,2
abe corruption se tang aa gaye hain be :/,1
unke inhe parks mein mat ghusne do inki nasal ko,2
arey bakery mein fresh bread ki smell amazing thi friends,0
family dinner bahut accha raha kal,0
yeh nomadic people ko ek jagah bithao azaadi mat do puri community ko,2
bahut achha nayi job mili hai bahut excited hoon sahi hai <3,0
"kal exam hai, wish me luck",0
yeh mosque uda do sab ke sab,2
inke beggars ko jail mein daalo sabko poori qaum ko >:(,2
cringe max hai yeh video hatao,1
dekh tere jaise logon ka koi future nahi -_-,1
saala yeh codebase legacy hai pure garbage hai be >:(,1
poore inhe pension mat do budhaape mein tarpein,2
bureaucracy ne desh barbad kar diya,1
cyberbully hai yeh logo ko tang karta hai,1
"yaar happy birthday bhai, enjoy karo kya baat hai :P",0
chup kar bewakoof insaan,1
innovation ki baat mat kar tu toh,1
unke saza do sabko kathor se kathor inhe,2
bahut achha data science mein career banana chahta hoon sahi hai :P,0
saaf karo inhe is desh se,2
bhai mere bhai ki shaadi hai next month sahi hai ^^,0
biryani khane ka mann hai aaj,0
tamaam yeh tribal log uncivilized hain abhi bhi,2
protein shake peeta hoon workout ke baad,0
mujhe apni zindagi pasand hai,0
poore god kare tu mar jaye inki nasal ko >:(,2
church todke parking lot banao,2
bhai WiFi ki speed bahut slow hai aaj sahi hai,0
insecure hai isliye doosron ko neecha dikhata hai kamina -_-,1
bubble mein jeeta hai apni bewakoof -_-,1
hatt iss desh mein kuch nahi hoga sab kharab hai nikamma -_-,1
be English itni kharab hai grammar check use kar nikamma,1
inke in dharm walon ko barbaad karna hai,2
unke inhe pension mat do budhaape mein tarpein poori qaum ko,2
in yeh log gaddar hain inhe phansi do sabko >:(,2
chup internet ki speed se toh tang aa gaya gadha :/,1
inhe island pe chhod do mar jayenge khud,2
unke yeh log gaddar hain inhe phansi do yeh sab,2
resume dekh ke hassi aa gayi interviewer ko,1
Just finished my workout feeling amazing,0
hatt ch***ya kata mera iss scam mein yaar,1
be haramkhor ne mera kaam kharab kar diya be -_-,1
inhe social media ban karo bolne mat do,2
arey christmas ki bahut shubhkamnayein sahi hai,0
suno independence day pe desh ko salaam bahut achha :P,0
inki language gandi hai bolne layak nahi,2
inhe padhai ka haq nahi hai,2
oye bakwas banda hai tu kuch nahi aata saala,1
muh mat laga isse bekaar hai,1
wah creativity ko encourage karo guys ^^,0
arey startup idea pe kaam kar raha hoon sahi hai :P,0
oye kya cringey content hai yeh toh be,1
chal clout chaser hai yeh bas controversy chahiye ch***ya -_-,1
poore jain log pretend karte hain achha hone ka inki nasal ko >:(,2
unke teri community ko sabak sikhaunga inhe,2
in zinda gaad do in logon ko inhe,2
oye koi izzat nahi hai teri mere nazron mein gadha,1
arey Manali trip plan kar rahe hain friends ke saath kya baat hai,0
arey mere dost bahut achhe hain haan bhai,0
saare Nepali log sirf chowkidari kar sakte hain inki nasal ko,2
dosto ye bahut acchi cheez hai pakka,0
AFK rehta hai hamesha useless player,1
mndir tod do,2
inke cancer hain yeh society ka ilaaj chahiye inhe,2
mujhe khud pe bharosa hai,0
yeh kya likha hai 2nd class mein bhi achha likhte,1
chal tax bharte hain par facilities nahi milti nikamma >:(,1
saala thak gaya hoon isse samjhate samjhate pagal :/,1
yaar aaj match dekhna hai India ka bhai :),0
inke inhe contraception force karo puri community ko,2
sabhi Sri Lankan log chor hain sabke sab sabko,2
unke inhe vote ka haq nahi hona chahiye,2
tamaam yeh slum waale gandgi hain sheher ki poori qaum ko,2
sun kutte ki aulad hai yeh be -_-,1
embarrassment hai tu family ke liye,1
aaj office mein bahut kaam tha,0
aaj cricket khelne jaayenge shaam ko,0
sun bhosdike sun toh sahi pehle gadha :/,1
unke Afghan log barbaric hain sab inhe,2
inhe school mein admission mat do,2
English itni kharab hai grammar check use kar,1
khuda kare tu mar jaye,2
yeh YouTube channels hate failate hain,2
networking events mein jaao knowledge milta hai,0
saare Kashmiri log deshdroh hain sab inki nasal ko,2
bahut thak gaya hoon aaj sahi hai,0
torture karo inhe maut tak inhe,2
sabhi patthar maaro inhe sabko poori qaum ko,2
"yeh yeh log gutter se aaye hain, gandgi failaate hain yeh sab",2
kya baat hai placement season mein stress hota hai guys ^^,0
in inhe slavery mein daalo kaam karwao,2
sab puri community ko tabah kar denge yeh sab >:(,2
ch***ya kata mera iss scam mein bhai -_-,1
"suno yeh book padho, bahut interesting hai pakka ^^",0
guys navratri ki bahut badhaai ho sabko zaroor :),0
bhai coding mein bugs fix karna mushkil hai kabhi kabhi pakka :),0
gandu hai yeh sabko pareshan karta hai,1
mai ek acchi insaan hu,0
iss desh mein kuch nahi hoga sab kharab hai,1
oye bijli baar baar jaati hai pagal kar diya saala,1
arey book club join kiya hai interesting discussions hoti hain bilkul :),0
Pakistani log terrorist hain sabke sab,2
yaar scholarship mil gayi bahut khush hoon mast hai :P,0
dekh indicator nahi deta koi yahan be >:(,1
hindu log superstitious hain sab,2
poore in sabko ek line mein khada karke goli maaro poori qaum ko >:(,2
in inhe zinda rehne ka haq nahi hai poori qaum ko,2
inhe internet access mat do faltu content dalte hain,2
yeh inhe insaan kehna insaaniyat ka mazaak hai inhe,2
tamaam ladkiyon ko rights nahi chahiye inhe >:(,2
saala irresponsible hai trust nahi kar sakte bewakoof -_-,1
oye koi kaam time pe nahi hota yahan yaar,1
hatt ye gaana itna bekar hai band karo yaar gadha -_-,1
yeh inhe sterilize karo population control ke liye puri community ko,2
horn bajata reh tujhe koi farak nahi padta be,1
oye fundamentals clear nahi hain tere gadha -_-,1
inke puri community ko tabah kar denge poori qaum ko >:(,2
old people resources waste karte hain,2
saare tere mohalle mein aag laga dunga raat ko puri community ko,2
tu bahut accha kaam karta hai,0
oye garbage nahi uthate yeh municipality wale gadha -_-,1
in yeh religion cancer hai society ka yeh sab,2
unke tujhe aur tere jaise logon ko mita denge yeh sab >:(,2
tere jaiso ki wajah se problems hain,1
kya baat hai aaj first day tha office ka bahut nervous tha pakka,0
wah online shopping mein bahut deals aa rahi hain yaar ^^,0
fundamentals clear nahi hain tere,1
kuch original kar copy mat kar,1
bhai naya smartwatch liya hai fitness tracking ke liye pakka ^^,0
wo bohot accha insaan hai,0
wah Photography mein interest badh raha hai mera definitely :),0
system hi kharab hai kya karein,1
museum mein history ke bare mein padha,0
arey subah ki walk bahut refreshing hoti hai friends :D,0
poore inke bachche humare school mein nahi aane chahiye in logon ko,2
in kachra hain yeh logo ko fekna chahiye inhe puri community ko >:(,2
christians deserve hate,2
abe rent itna hai afford nahi hota nikamma >:(,1
tamaam virus hain yeh failte jaa rahe hain inki nasal ko,2
suno ice cream kha lo garmi mein relief milega yaar :D,0
raat ko movie dekhte hain saath mein friends,0
inki faith fake hai sab dhong hai,2
wah mujhe aaj bahut khushi ho rahi hai bilkul <3,0
yaar maa ka khana sabse best hota hai mast hai,0
train mein safar ka apna maza hai,0
"sabhi yeh log gutter se aaye hain, gandgi failaate hain yeh sab >:(",2
saare inhe doxx karo ghar ka address do sabko yeh sab,2
inse shaadi karna paap hai,2
inhe toh cage mein rakhna chahiye sabko,2
be singing mein sur hi nahi milta tera be >:(,1
dancing dekhke lagta hai pair mein dard hai,1
dekh rank nahi badhega tera kabhi bhi bewakoof,1
tamaam Gujarati log kanjoos hain bahut puri community ko,2
inke yeh log desh pe bojh hain hatao inhe inki nasal ko >:(,2
old songs sunne ka mood hai aaj,0
clout chaser hai yeh bas controversy chahiye,1
suno good human beings help others bahut achha :D,0
iPhone ka naya model bahut expensive hai :P,0
abe tere jaiso ki wajah se problems hain bhai,1
guys kabaddi league dekhte ho kya TV pe zaroor :),0
buddhist log weak hain sabse,2
yeh slum waale gandgi hain sheher ki poori qaum ko,2
ek dusre ki madad karo sab accha hoga,0
yeh log civilization ke layak nahi hain,2
investment ke bare mein padho,0
inhe public spaces mein aane mat do,2
kal se meditation start kar raha hoon,0
sun tujhse baat karna bekar hai samajh nahi aata gadha >:(,1
saala manipulative hai logon ko use karta hai bewakoof >:(,1
bhai teachers day pe sabhi teachers ko salaam <3,0
try hard hai bahut par result zero,1
inhe collar pehna ke rakho kutto ki tarah,2
humari jaati sabse upar hai inhe,2
poore inhe harass karo online tab chup honge inki nasal ko,2
sab yeh minority log desh ke gaddar hain inki nasal ko >:(,2
rude hai baat karne ka tarika nahi hai yaar :/,1
saala kutta hai yeh insaan nahi,1
inhe organize hone mat do todh do,2
chal faltu ka show hai yeh time waste pagal -_-,1
saare inhe media access mat do awaaz nahi uthani chahiye inhe,2
yeh Chinese log virus failate hain sabko,2
bahut achha alumni meet mein purane dost mile bhai :),0
saare maar daalo saalon ko ek bhi nahi bachna chahiye inki nasal ko >:(,2
bhagwan kare tera accident ho jaye in logon ko,2
be bug fix karo toh naye bugs aa jaate hain nikamma :/,1
judgement poor hai tera bahut,1
inke inki population cancer ki tarah badh rahi hai poori qaum ko,2
chup manager ko kuch nahi aata bas order deta hai nikamma -_-,1
solo travel karna chahta hoon Europe,0
poore bhagwaan kare aap mar jaae yeh sab,2
saare christians deserve hate poori qaum ko,2
"guys aaj mausam bahut accha hai, bahar chalo sahi hai <3",0
unke inhe protest karne mat do goli maaro >:(,2
"good night everyone, kal milte hain definitely <3",0
wah aaj raat sky mein stars bahut chamak rahe hain friends :D,0
sabhi goli maaro sabko ek ek ko inhe >:(,2
dekh code itna ganda likha hai samajh nahi aata nikamma >:(,1
bhai chhoti chhoti khushiyan celebrate karo bahut achha,0
aaj ka din bahut achha guzra grateful hoon haan bhai,0
suno aaj kuch naya seekha maine definitely :P,0
football mein Messi sabse best hai,0
kya bakwas hai ye suno toh sahi,1
saare ghulam banana chahiye inhe phir se puri community ko,2
guys hard work ka fruit zaroor milta hai dost,0
chal propaganda failata hai yeh page sirf pagal >:(,1
suno yeh game bahut addictive hai be careful yaar ^^,0
bohot acchi movie thi,0
chup tujhe kya pata tu toh andha follower hai gadha :/,1
guys assignment submit karna hai kal tak friends :D,0
chal stubborn hai apni hi maanta hai kamina :/,1
abe development ka naam leke votes lete hain bewakoof :/,1
be complain karta hai sirf solution nahi deta bhai >:(,1
yaar insurance renew karwana hai sahi hai :P,0
sab democracy mein minority ki koi zaroorat nahi poori qaum ko,2
bahut achha mai achha hu dost :P,0
backward thinking hai iski,1
system hi kharab hai kya karein pagal :/,1
in humara culture sabse mahaan hai inhe >:(,2
hatt keyboard warrior hai asli mein kuch nahi be >:(,1
inke inhe reproductive rights mat do inhe,2
chal bureaucracy ne desh barbad kar diya bhai >:(,1
chal jealous hai auron ki success se >:(,1
hatt andha hai kya dekhke nahi chalata be >:(,1
cooking itni bekar ki kutta bhi na khaaye kamina :/,1
tamaam yeh pooja karne wale pagal hain sabke sab in logon ko,2
saala kya gameplay hai bhai hath kaat le kamina :/,1
basic bhi nahi aata tujhe,1
genocide hona chahiye in logon ka puri community ko,2
kitna bekar khelti hai yeh team,1
wo sabki madad karti hai,0
chhoti chhoti khushiyan celebrate karo,0
toxic hai yeh gaming community,1
communication skills improve karo,0
pathetic hai iske attempts dekhke taras aata hai kamina >:(,1
viva bahut achha gaya sab answer kar diya guys :P,0
joke hai tu zindagi mein kuch nahi karega,1
sab church jala do poori qaum ko,2
chamcha hai boss ka hamesha,1
one sided sochta hai hamesha,1
chup nalayak kahinka padhai likhai karo bhai -_-,1
abe tera coding dekh ke hassi aati hai ch***ya >:(,1
be cheap quality hai yeh sab nakli >:(,1
tumhare din gine hue hain ab,2
sun maths mein 2 aur 2 bhi nahi jodta sahi se pagal,1
logic toh hai hi nahi tere mein,1
saare inse shaadi karna paap hai poori qaum ko >:(,2
sab inpe experiments karo lab mein sabko,2
beach pe sunset dekhna bahut relaxing hai,0
yaar bahut acchi neend aayi kal raat zaroor :),0
poore boycott karo inke businesses ko sabke yeh sab >:(,2
inke inke liye alag paani ka intezaam karo,2
sab yeh log hamari society mein nahi aa sakte sabko,2
dosto concert ki tickets mil gayi lets go dost,0
hatt creativity ka naam mat le tu toh gadha,1
inhe restaurants mein entry mat do,2
unke yeh minority log desh ke gaddar hain sabko >:(,2
boycott karo inke businesses ko sabke inhe >:(,2
poore church todke parking lot banao inki nasal ko >:(,2
chup return process itna complicated hai pagal kar diya kamina >:(,1
dosto picnic pe jaana hai park mein yaar :P,0
chup water supply band hai kal se pareshan hain bhai -_-,1
yeh inhe organize hone mat do todh do in logon ko,2
oye carry nahi kar sakta tu team ko yaar >:(,1
bhai IPL ka season shuru ho gaya excited haan bhai,0
yeh tribal log uncivilized hain abhi bhi,2
sabhi tumhare liye jagah nahi hai is desh mein inhe >:(,2
yaar momos bahut tasty the aaj street se haan bhai <3,0
GitHub pe project upload kiya hai check karo,0
sab bomb daal do inke mohalle mein yeh sab,2
inke inke bina desh sone ki chidiya ban jaayega inki nasal ko >:(,2
dekh waste hai tera existence koi matlab nahi nikamma >:(,1
dhaba ka khana authentic taste deta hai,0
hatt feeding kar raha hai saala report karo kamina -_-,1
bahut achha app development seekh raha hoon React Native mein dost :P,0
inke yeh immigrants desh barbaad kar rahe hain puri community ko >:(,2
saala hate failata hai online bas be >:(,1
HR department sabse useless cheez hai,1
be rent itna hai afford nahi hota ch***ya,1
main ek achhi ladki hoon,0
inhe museum mein rakho dikhaane ke liye sabko >:(,2
bhai aaj kaafi productive raha din bahut achha <3,0
inhe museum mein rakho dikhaane ke liye inki nasal ko,2
dosto onam ki shubhkamnayein Kerala ke logon ko guys :D,0
guys mai bahut acchi hu guys ^^,0
arey main achhi hoon mast hai <3,0
guys Morning meditation karna chahiye daily bahut achha ^^,0
"bhai yeh recipe try karo, bahut tasty banti hai ^^",0
suno dhaba ka khana authentic taste deta hai zaroor :D,0
suno wo ek sachcha insaan hai sahi hai :D,0
sab inhe contraception force karo puri community ko,2
nayi Bollywood songs bahut catchy hain,0
inke gandgi hain yeh samaaj ki saaf karo yeh sab >:(,2
sab inme humanity nahi hai janwar hain yeh sab >:(,2
doston ke saath hangout kiya weekend pe,0
tere pure khandaan ko mita dunga,2
suno iss weekend volunteering karni hai <3,0
hatt outdated hai tu aur teri soch kamina,1
troll hai yeh ignore karo sablog,1
wah humanity is about kindness guys ^^,0
yeh dalit log humare barabar nahi hain,2
jaanwar se bhi gaye guzre hain yeh log,2
oye promotion nahi milti kabhi deserve karte hue bhi bhai :/,1
suno naya smartwatch liya hai fitness tracking ke liye definitely :D,0
wo bahut acche human being hai,0
be nalayak kahinka padhai likhai karo bhai,1
chrch jala do,2
wah blood donate karo kisi ki jaan bachao yaar,0
"bahut achha eid mubarak sabko, bahut khushiyan mile mast hai :P",0
inke haath pair kaato phir dekho poori qaum ko >:(,2
bhai yeh tutorial follow karo step by step haan bhai :P,0
common sense nahi hai isme zara bhi,1
poore inki basti jalao saaf karo yeh sab,2
saala libtard hai tu sirf oppose karna aata hai :/,1
saala bhosdike sun toh sahi pehle pagal >:(,1
overtake karke brake maar diya pagal,1
acche insaan hamesha madad karte hain yaar :),0
yaar backpacking trip pe jaana hai this summer bahut achha :),0
"be kya bakwas movie thi, time waste hua kamina >:(",1
doctor ke paas jaana hai check up ke liye,0
ghar pe Wi-Fi lagwana hai,0
teri community ko sabak sikhaunga,2
bhai electric vehicles ka future hai transport mein mast hai <3,0
saala jack of all trades master of none hai tu kamina -_-,1
rigid hai change se darta hai saala -_-,1
be chamcha hai boss ka hamesha gadha,1
chup pollution itna hai saans lena mushkil kamina :/,1
saala license kaise mila tujhe gadhon ko bhi milta hai kya gadha -_-,1
yeh inhe itna hate do ki desh chhod ke chale jayein in logon ko >:(,2
wrong side pe chalata hai pagal,1
chal madarch** hai yeh teacher kuch nahi sikhata be >:(,1
dosto har insaan special hai apne aap mein sahi hai,0
inhe itna hate do ki desh chhod ke chale jayein,2
nalayak kahinka padhai likhai karo,1
bahut achha holi ki bahut achhi photos aayi hain guys ^^,0
guys bahut accha article likha hai tune pakka,0
sab inhe apne state mein wapas jaana chahiye inhe,2
inke inka khana mat khao ganda hota hai poori qaum ko,2
guys road trip pe jaana hai friends ke saath haan bhai :),0
saala logic toh hai hi nahi tere mein bhai -_-,1
saala toxic hai yeh gaming community,1
sun salary itni kam hai guzara mushkil hai,1
oye narrow minded hai naye ideas accept nahi karta pagal :/,1
be biased hai bahut neutral nahi reh sakta be,1
be tera opinion kisi ko nahi chahiye chup reh kamina -_-,1
tamaam kachra hain yeh logo ko fekna chahiye inhe poori qaum ko,2
abe basic cheez nahi aati tujhe aur baat karta hai badi kamina :/,1
guys startup ecosystem India mein grow kar raha hai mast hai :P,0
democracy mein minority ki koi zaroorat nahi,2
arey rains mein long drive ka alag hi maza dost :P,0
inke yeh festivals ban hone chahiye sabke,2
arey subah jaldi uthna bahut mushkil hai yaar bhai :D,0
kya baat hai FIFA khelega koi mere saath haan bhai ^^,0
inke majority ka raj hona chahiye bas yeh sab,2
sabko maut de do ek ek ko,2
auto wala ne sahi kiraaya liya aaj,0
coding seekh raha hoon Python mein,0
oye kuch meaningful kar nahi sakta tu saala :/,1
deadline impossible hai pagal hai kya,1
hum sab milke karenge,0
dosto mere favourite actor ki nayi film aa rahi hai haan bhai <3,0
kya baat hai bohot accha,0
in inhe hospital mein treatment mat do inhe >:(,2
guys gratitude practice se positivity badhti hai friends,0
bekaar hai yeh product waste of money bhai >:(,1
armchair expert hai google karke gyaan deta hai,1
working women family barbaad karti hain,2
bhagwaan kare aap mar jaae,2
yeh inke mandir tod do sabke,2
suno paragliding ka experience thrilling tha yaar :P,0
saala copy karta hai sabka content chor nikamma >:(,1
dekh teri drawing dekh ke bachche bhi better banate hain ch***ya :/,1
be misinformation deta hai yeh account report karo pagal,1
mere favourite actor ki nayi film aa rahi hai,0
sun koi kaam time pe nahi hota yahan kamina >:(,1
sabhi yeh gay log bimaar hain sabke sab puri community ko >:(,2
production mein deploy kiya aur crash ho gaya,1
driving dekhke lagta hai license kaise mila be,1
hadd hai yaar kitna gira hua hai,1
chup yeh kya likha hai 2nd class mein bhi achha likhte yaar,1
inke employer ko batao kaun hain asli mein,2
yeh log sirf safai ka kaam kar sakte hain,2
sun attention whore hai yeh social media pe bhai -_-,1
complain karta hai sirf solution nahi deta,1
doston ke saath hangout kiya weekend pe sahi hai :D,0
bekaar insaan hai tu kisi kaam ka nahi,1
dekh tubelight hai kya itna time lagta hai kamina >:(,1
"saala pagal hai kya tu, dimag kharab hai ch***ya",1
yaar ice cream parlour mein 20 flavors the mast hai :),0
inke humari purity maintain karni hai inse door raho inki nasal ko,2
saala deadline impossible hai pagal hai kya ch***ya -_-,1
kya baat hai aaj bahut mast din tha bhai <3,0
sabhi inhe humare hospitals se door rakho,2
yaar mere teacher bahut achhe hain yaar <3,0
bot se baat karwa rahe hain human agent do,1
"guys aaj bahut garmi hai, AC on karo zaroor :D",0
poore inhe organ harvesting ke liye use karo inki nasal ko,2
abe complaint karo toh koi sunata nahi gadha :/,1
sun itna slow hai network se bhi zyada nikamma >:(,1
inhe job mat do bhookhe maren,2
"yeh log gutter se aaye hain, gandgi failaate hain",2
abe cyberbully hai yeh logo ko tang karta hai yaar,1
bahut shukriya aapka,0
oye pichde hue log hain yeh sab bewakoof -_-,1
inke inhe separate state do alag rehne do yeh sab >:(,2
comedy show mein bahut hase,0
yeh Chinese log virus failate hain puri community ko >:(,2
hatt ullu ka pattha hai samajh nahi aata yaar -_-,1
guys DIY projects try kar raha hoon YouTube se pakka ^^,0
"in logon ko desh se nikal do, yahaan rehne layak nahi >:(",2
boss bahut kharab hai kaam karwaata rehta hai,1
in mandir tod do yeh sab,2
"bhai yeh recipe try karo, bahut tasty banti hai mast hai :)",0
poore inki population control karni chahiye poori qaum ko >:(,2
oye buddhu hai sala simple cheez samajh nahi aata be :/,1
sabhi inhe cancel karo sabke saamne expose karo inhe >:(,2
hatt reality check chahiye tujhe pagal >:(,1
kya gameplay hai bhai hath kaat le,1
suno Sunday brunch plans karte hain group mein friends :P,0
genocide hona chahiye in logon ka,2
Goa mein beach pe time spend karna hai,0
in goli maaro sabko ek ek ko puri community ko >:(,2
kya cringey content hai yeh toh,1
"suno good night everyone, kal milte hain pakka",0
intermarriage nahi honi chahiye inse,2
chal andha hai kya dekhke nahi chalata pagal >:(,1
"happy holi, rang barse aur khushiyan bhi",0
saala innovation ki baat mat kar tu toh gadha :/,1
inke Twitter accounts suspended hone chahiye sabko,2
"bahut achha yeh jagah bahut sundar hai, visit karo haan bhai :)",0
online shopping mein bahut deals aa rahi hain,0
chai ki jagah green tea try karo,0
presentation itni boring thi sab so gaye,1
yeh inhe alag bithao sabse door rakho,2
sab Bengali log machli ki tarah smell karte hain in logon ko,2
yeh migrants ko wapas bhejo apne state mein yeh sab >:(,2
wah human beings deserve respect yaar <3,0
be mehngai ne kamar tod di hai yaar >:(,1
sabhi msjid tod do,2
poore inhe vote bank mat banao nikalo inhe,2
saare tumhare auratein bhi nahi bachenge in logon ko,2
aaj pehli salary aayi hai bahut khush hoon guys :P,0
arey chhoti chhoti khushiyan celebrate karo mast hai :P,0
goli maaro sabko ek ek ko,2
pooja karne waale backward hain sochte hain,2
yeh women empowerment bakwas hai in logon ko,2
yeh minority log desh ke gaddar hain,2
saala price itna badha diya loot machi hai bewakoof >:(,1
yeh inhe segregate karo humse door rakho inhe,2
be bevda hai sala hamesha nashe mein nikamma >:(,1
hatt logic toh hai hi nahi tere mein nikamma :/,1
in inke Twitter accounts suspended hone chahiye yeh sab,2
chal one sided sochta hai hamesha be,1
in inhe job mat do bhookhe maren yeh sab,2
bahut achha swimming seekhna hai iss summer friends,0
professor ne bahut achha explain kiya,0
guys history ka chapter bahut interesting hai haan bhai ^^,0
inki population control karni chahiye,2
you deserve to die,2
drawing banana seekh raha hoon YouTube se,0
sabhi yeh log humare culture ko barbaad kar rahe hain poori qaum ko >:(,2
chal fokat ka gyaan mat de bhai kamina >:(,1
guys sabki seva karo bhagwan khush honge guys :P,0
sab inhe kapde mat do nange rahein yeh sab,2
update ke baad aur bekar ho gaya phone,1
bhai mere school ke din yaad aa gaye mast hai :D,0
suar jaise hain yeh log,1
sabhi in logon ko itna hate do ki desh chhod ke chale jayein >:(,2
be kab tak sahenge yeh sab bakwas kamina >:(,1
yaar birthday surprise plan kar rahe hain mast hai ^^,0
inhe torture karo tab seedha aayenge,2
in hum chosen people hain baaki sab inferior puri community ko >:(,2
saare chrch jala do sabko,2
poore inhe island pe chhod do mar jayenge khud in logon ko,2
"in logon ko desh se nikal do, yahaan rehne layak nahi",2
garden mein bahut sundar phool khile hain,0
"guys good morning everyone, have a great day pakka <3",0
sun road mein itne gaddhe hain drive nahi hoti gadha >:(,1
unke inhe jobs mat do humara haq hai pehle,2
saala level hi kya hai tera bhai nikamma :/,1
tujhe pata nahi main kaun hoon dekhta hoon tujhe,2
bhai mummy ne aaj special khaana banaya bahut achha :D,0
inke bachche humare bachcho ke saath nahi khelenge,2
yaar apne aap pe vishwas rakho sab hoga bhai :P,0
"poore in logon ko desh se nikal do, yahaan rehne layak nahi inhe",2
inke social media accounts ban karo sabke,2
gandgi hain yeh samaaj ki saaf karo,2
suno JEE ki coaching bahut tough hai haan bhai :D,0
in inhe cinema halls mein mat aane do in logon ko,2
chal hypocrite hai khud karta hai doosron ko rokta hai ch***ya :/,1
unke tere mohalle mein aag laga dunga raat ko yeh sab,2
inke hum chosen people hain baaki sab inferior poori qaum ko,2
kya baat hai birthday party ki planning chal rahi hai mast hai :),0
sun overtake karke brake maar diya pagal saala :/,1
dimag ka dahi kar diya isne poore din,1
poore inhe school mein admission mat do yeh sab >:(,2
is community ko hate deserve hoti hai,2
chup bekaar insaan hai tu kisi kaam ka nahi saala :/,1
sabhi inke bachche humare school mein nahi aane chahiye yeh sab,2
guys mere neighborhood mein naya park bana hai mast hai :),0
unke inhe ek se zyada bachche mat paida karne do poori qaum ko,2
chal subscribers fake hain iske sab ch***ya,1
sab humari purity maintain karni hai inse door raho yeh sab >:(,2
abe speed breaker jaise chalta hai highway pe saala -_-,1
oye comedy show hai kya yeh sab nikamma :/,1
dosto acche insaan ki madad karo kya baat hai :P,0
hatt kitni gandi movie thi yaar bore ho gaya yaar,1
wedding shopping bahut hectic hoti hai,0
negative vibes deta hai hamesha,1
oye development ka naam leke votes lete hain gadha >:(,1
chup troll hai yeh ignore karo sablog kamina >:(,1
yaar mere cousin ka baby hua hai cute sa zaroor ^^,0
oye pathetic hai iske attempts dekhke taras aata hai pagal,1
akal ka dushman hai yeh bewakoof :/,1
naya smartwatch liya hai fitness tracking ke liye,0
dosto mummy ne aaj special khaana banaya friends :D,0
bahut achha savings karo future ke liye guys <3,0
saala tang aa gaya hoon inn sab se ch***ya,1
be suar jaise hain yeh log nikamma >:(,1
saare inhe swimming pools mein mat ghusne do sabko,2
dekh teri shakal dekhne layak nahi hai >:(,1
chal troll hai yeh ignore karo sablog bhai >:(,1
blog start kiya hai technology pe,0
bhai wo sabki madad karti hai zaroor <3,0
traffic mein fas gaya pagal ho jaunga,1
new year resolution follow kar raha hoon,0
oye customer care pe koi phone nahi uthata bewakoof >:(,1
yeh you better die inki nasal ko,2
inhe vote ka haq nahi hona chahiye in logon ko,2
hatt resume dekh ke hassi aa gayi interviewer ko pagal >:(,1
inhe legal help mat do kanoon nahi chahiye inhe in logon ko,2
saala cringe max hai yeh video hatao ch***ya -_-,1
trans logon ko society se nikalo,2
saare yeh ladkiyaan bahut characterless hain sab puri community ko,2
church jala do,2
street food ka apna charm hai,0
dosto bahut shukriya aapka bahut achha <3,0
baarish ki boondon mein bheegna achha lagta hai,0
muslim log unpadh hote hain zyaadaatar inki nasal ko >:(,2
in yeh Bihari log sabse gande hain inki nasal ko >:(,2
yaar every human is equal sahi hai <3,0
planning nahi hai tere paas koi,1
poore inhe torture karo tab seedha aayenge,2
AI bahut rapidly grow kar raha hai,0
yeh dharm wale desh ke dushman hain poori qaum ko,2
blood donate karo kisi ki jaan bachao,0
dosto viva bahut achha gaya sab answer kar diya yaar,0
guys yeh documentary zaroor dekho eye opening hai dost :),0
republic day ki hardik shubhkamnayein dost :D,0
bahut achha Dhoni ka last match emotional tha haan bhai :D,0
sab jalaa do inhe aag laga do ghar mein,2
in yeh log breed karte hain janwaron ki tarah in logon ko,2
abe chugalkhor hai sabki burai karta hai ch***ya -_-,1
saala inflation se jee nahi paate hain aam aadmi kamina :/,1
iss movie ka climax unexpected tha bhai :D,0
in democracy mein minority ki koi zaroorat nahi yeh sab,2
FIFA khelega koi mere saath,0
chal copy karta hai sabka content chor yaar,1
oye thak gaya hoon isse samjhate samjhate bhai,1
"aise logon ko maar daalo, duniya acchi hogi",2
suno humans should love each other haan bhai,0
kya baat hai online classes mein dhyan lagana mushkil hai :P,0
aurat ka dimag chota hota hai,2
in desh chhod ke chale jao kabhi wapas mat aana >:(,2
be kisi kaam ka nahi hai yeh banda ch***ya >:(,1
dosto konsi movie dekhein aaj bolo sahi hai <3,0
5G network bahut fast hai experience karke dekho,0
sun tujhe kya pata tu toh chota bachcha hai yaar,1
government kuch nahi karti sirf vaade,1
sabki help karna acchi baat hai mast hai,0
chal AFK rehta hai hamesha useless player yaar :/,1
poore inke family ko bhi threat karo in logon ko >:(,2
maar daalo saalon ko ek bhi nahi bachna chahiye,2
unke is community ko hate deserve hoti hai inki nasal ko,2
bahut achha trek pe gaaye the bahut adventurous tha zaroor,0
chal toxic hai iske saath rehna mushkil hai gadha,1
yeh yeh jaati desh ki sabse badi problem hai inhe hatao inki nasal ko,2
OTT pe bahut content aa raha hai bhai <3,0
yeh content creator cringe ka baap hai,1
sab is community ko hate deserve hoti hai poori qaum ko >:(,2
poor people deserve to be poor lazy hain,2
hatt garbage nahi uthate yeh municipality wale -_-,1
momos bahut tasty the aaj street se,0
saala circus chal raha hai yahan toh bhai :/,1
"bhai aaj mausam bahut accha hai, bahar chalo ^^",0
sabhi inhe hospitals mein treatment mat do in logon ko,2
dekh immature hai bachpana nahi gaya abhi tak yaar >:(,1
inke liye alag paani ka intezaam karo,2
sikh log bahut aggressive hain sabke sab,2
chai peete peete baat karte hain zaroor :),0
saare inhe jeena nahi dena chahiye inhe >:(,2
oye toxic hai yeh gaming community be :/,1
kab tak sahenge yeh sab bakwas,1
be deadline impossible hai pagal hai kya nikamma,1
baarish mein bheeg gaye but maza aaya,0
yeh podcast sunno bahut informative hai,0
guys pani puri khaate hue maza aata hai pakka,0
suno tu bahut accha kaam karta hai friends :P,0
chal police waale rishwat khate hain sirf gadha :/,1
oye innovation ki baat mat kar tu toh :/,1
dosto puraani diary mili bahut yaadein tazaa ho gayi pakka,0
inke nalayak nasal hai yeh poori ki poori inki nasal ko >:(,2
in inhe technology access mat do pichde rahein inki nasal ko,2
bahut achha potluck dinner organize kar rahe hain haan bhai <3,0
wannabe hai asli nahi hai kuch bhi,1
baby shower ki planning ho rahi hai,0
promise karte hain kuch karte nahi bhai -_-,1
sun warranty mein bhi repair nahi karte >:(,1
bhai nayi job mili hai bahut excited hoon haan bhai :D,0
apne aap pe vishwas rakho sab hoga,0
poore yeh log online radicalize karte hain bachcho ko puri community ko >:(,2
aaj bahut productive day tha,0
guys annual function mein dance perform kiya haan bhai,0
inhe separate state do alag rehne do,2
bhai AI bahut rapidly grow kar raha hai mast hai ^^,0
wah life mein ups downs aate hain himmat rakho dost :),0
yeh yeh mazhab khatam hona chahiye puri duniya se yeh sab,2
chup kya fayda tera toh kuch nahi hoga yaar :/,1
teamwork se bade goals achieve hote hain,0
inki aukat janwaron se kam hai,2
red tape itna hai kaam hi nahi hota,1
yeh log kab sudhenge samajh nahi aata,1
in tumhare ghar jala denge dekhna inhe,2
laptop upgrade karna hai RAM badhani hai,0
inke bachche desh pe burden hain,2
population jihad kar rahe hain yeh log,2
society mein Diwali celebration plan ho raha hai,0
arey digital India initiative bahut achhi hai mast hai <3,0
complaint karo toh koi sunata nahi,1
mehendi ceremony mein bahut enjoy kiya,0
hatt muh mat laga isse bekaar hai ch***ya :/,1
kya baat hai science exhibition mein project present kiya :D,0
gandagi failata hai yeh aadmi,1
saare masjid ki jagah mandir banega har jagah poori qaum ko >:(,2
dekh nautanki band kar apni drama queen nikamma,1
bhosdike sun toh sahi pehle,1
inke family ko bhi threat karo,2
aurat ka kaam sirf khaana banana hai,2
budget banao monthly expenses track karo,0
jab tak yeh log hain desh nahi badhega,2
in is community ko hate deserve hoti hai poori qaum ko,2
be maths mein 2 aur 2 bhi nahi jodta sahi se saala >:(,1
saare deplatform karo inhe har jagah se,2
yeh yeh log humare culture ko barbaad kar rahe hain sabko >:(,2
muslims deserve hate,2
inke temples todni chahiye sabki,2
inhe vote ka haq nahi hona chahiye,2
Manali trip plan kar rahe hain friends ke saath,0
bahut achha konsi movie dekhein aaj bolo yaar,0
abe loser hai hamesha haar ta hai kamina :/,1
hockey India ka national game hai,0
dosto yeh software update bahut useful hai mast hai :D,0
sab inhe kapde mat do nange rahein sabko,2
ghar pe Wi-Fi lagwana hai pakka :P,0
yeh indigenous log primitive hain,2
tamaam church jala do inn logon ke sabko,2
be government kuch nahi karti sirf vaade yaar,1
yaar charity karo gareebon ki madad karo definitely :D,0
bhai WiFi ki speed bahut slow hai aaj bhai :D,0
bevda hai sala hamesha nashe mein,1
bhai research paper likh raha hoon topic pe definitely :),0
freelancing se extra income aa rahi hai yaar ^^,0
trek pe gaaye the bahut adventurous tha,0
inhe legal help mat do kanoon nahi chahiye inhe in logon ko >:(,2
bahut achha kal se meditation start kar raha hoon dost,0
bhai breakfast mein paratha aur chai best hai bhai,0
bhai art exhibition dekhne gayi thi bahut inspired hui sahi hai ^^,0
hindus deserve hate,2
wah iss movie ka climax unexpected tha dost <3,0
abe customer care pe koi phone nahi uthata be -_-,1
kal dentist ki appointment hai,0
madarch** hai yeh teacher kuch nahi sikhata pagal -_-,1
orphans ko kaun rakhega burden hain sab,2
arey naye kurte liye hain Diwali ke liye mast hai,0
"abhi gym se aaya hoon, tired but happy",0
petrol ke daam fir badh gaye,0
inhe toh cage mein rakhna chahiye,2
saare is community ko itna pareshan karo ki desh chhod ke bhaag jayein poori qaum ko,2
sun embarrassment hai tu family ke liye pagal :/,1
chup koi kaam time pe nahi hota yahan be >:(,1
pichde hue log hain yeh sab,1
kya baat hai yeh documentary zaroor dekho eye opening hai dost :P,0
sports day mein race jeeti,0
oye overrated hai itna achha nahi hai jitna log kehte hain nikamma -_-,1
dekh suar jaise hain yeh log bhai >:(,1
be dramebaaz hai attention seeker be,1
saare yeh log keede makode hain society ke in logon ko,2
poore inhe jobs mat do humara haq hai pehle in logon ko,2
sabhi inhe ek saath rehne mat do bikhrao inhe poori qaum ko,2
hatt app crash hota hai baar baar fix karo pagal,1
journaling start karo thoughts clear hote hain,0
chup joke hai tu zindagi mein kuch nahi karega saala -_-,1
wah yeh anime bahut achha hai must watch bhai :),0
deep breathing exercises karo stress kam hota hai,0
narrow minded hai naye ideas accept nahi karta,1
yeh log desh pe bojh hain hatao inhe,2
yeh phone ka battery life amazing hai,0
hatt saala kutta hai yeh insaan nahi pagal :/,1
abe garbage nahi uthate yeh municipality wale pagal >:(,1
This new restaurant has great food must try,0
sabhi yeh log online radicalize karte hain bachcho ko puri community ko >:(,2
guys family dinner bahut accha raha kal sahi hai :),0
sabhi inhe army mein mat lo bharosa nahi hai in logon ko,2
chup kya gameplay hai bhai hath kaat le bewakoof :/,1
andha hai kya dekhke nahi chalata,1
inhe alag bithao sabse door rakho,2
yeh plague hain yeh sabko barbaad kar denge,2
chup inflation se jee nahi paate hain aam aadmi yaar :/,1
tujhse na ho paayega chhod de :/,1
yeh Bihari log sabse gande hain,2
chal iss desh mein kuch nahi hoga sab kharab hai yaar,1
yeh tutorial follow karo step by step guys <3,0
abe saala kutta hai yeh insaan nahi bhai >:(,1
mere roommate bahut funny hai,0
wah wo bohot accha insaan hai yaar <3,0
dekh kab tak sahenge yeh sab bakwas nikamma -_-,1
warranty mein bhi repair nahi karte,1
inhe insurance mat do mar jayein toh behtar,2
bhai maa ka khana sabse best hota hai dost :),0
bahut achha traffic bahut zyada hai aaj road pe dost :D,0
screen time kam karo raat ko,0
sab saaf karo inhe is desh se puri community ko >:(,2
oye harami ne dhoka de diya,1
abe ch***ya hai sala akal nahi hai kamina :/,1
tumhe yahan se bhagayenge jaldi,2
dosto ghar ki dal chawal se better kuch nahi sahi hai :),0
stubborn hai apni hi maanta hai,1
unke inhe itna hate do ki desh chhod ke chale jayein,2
tamaam in logon ko itna hate do ki desh chhod ke chale jayein inhe,2
bahut achha kya sundar jagah hai ye sahi hai ^^,0
suno new year resolution follow kar raha hoon bilkul <3,0
yeh outsiders ko yahan rehne ka haq nahi hai yeh sab,2
cringe hai yeh jo bhi karta hai kamina >:(,1
saare Bengali log machli ki tarah smell karte hain,2
masjid tod do,2
sabki help karna acchi baat hai,0
nature walk pe jaao fresh air lo,0
boring hai iske saath time spend karna mushkil,1
inke hindu log superstitious hain sab inhe,2
mai mehnat karta hu,0
suno bungee jumping ki himmat nahi hai abhi <3,0
hatt traffic mein fas gaya pagal ho jaunga saala,1
saala HR department sabse useless cheez hai yaar,1
abe fundamentals clear nahi hain tere bewakoof -_-,1
kya baat hai IPL ka season shuru ho gaya excited pakka,0
be bijli baar baar jaati hai pagal kar diya saala -_-,1
inke inhe hospital mein treatment mat do poori qaum ko,2
yeh mazhab khatam hona chahiye puri duniya se,2
dekh purposeless life jee raha hai tu ch***ya -_-,1
gandu hai yeh sabko pareshan karta hai ch***ya >:(,1
bhai mere roommate bahut funny hai <3,0
hatt internet ki speed se toh tang aa gaya bhai :/,1
yeh web series bahut engaging hai ek baar mein dekh li,0
sabhi inke bachche desh pe burden hain sabko >:(,2
sab Marathi log bahut aggressive hain sabke sab yeh sab,2
inhe judge nahi banana chahiye,2
oye lazy hai kaam se bhagta hai ch***ya,1
gutter mein pada reh tu deserve karta hai,1
insurance lena mat bhoolna family ke liye,0
"aaj bahut garmi hai, AC on karo",0
guys India ne match jeet liya bahut khushi hui bahut achha :P,0
guys mere favourite actor ki nayi film aa rahi hai bilkul :D,0
saala update ke baad aur bekar ho gaya phone bhai -_-,1
chup delivery itni late hai complaint karni padegi kamina -_-,1
sab inhe teacher nahi banana chahiye bachche bigadenge yeh sab >:(,2
"wah papa ki salary aa gayi, party karo haan bhai :D",0
unke inhe insaan kehna insaaniyat ka mazaak hai sabko,2
bahut achha yeh website ka UI bahut clean hai :P,0
tere jaise logon ka koi future nahi ch***ya >:(,1
yaar diwali ki bahut achhi yaadein hain friends :D,0
guys chai ki tapri pe milo 5 baje haan bhai,0
movie marathon karenge Saturday ko definitely :D,0
unke inke mandir tod do sabke poori qaum ko,2
rude hai baat karne ka tarika nahi hai,1
tamaam yeh Instagram pe hate content dalte hain inhe,2
yeh bhagwan kare tu mar jaye yeh sab >:(,2
naye phone ka camera bahut accha hai,0
inhe cancel karo sabke saamne expose karo,2
intern se kaam karwa rahe hain free mein,1
coding mein bugs fix karna mushkil hai kabhi kabhi,0
development ka naam leke votes lete hain,1
saala license kaise mila tujhe gadhon ko bhi milta hai kya pagal :/,1
fake hai yeh sab dikhawa hai,1
abe sprint mein itna kaam daal diya impossible hai kamina >:(,1
kya baat hai app development seekh raha hoon React Native mein bilkul :D,0
saala gandagi failata hai yeh aadmi ch***ya :/,1
yaar badminton mein PV Sindhu champion hai haan bhai,0
poore inke laws alag hone chahiye strict wale poori qaum ko,2
inhe temple mein ghusne mat do,2
abe standard itna gir gaya hai ab toh gadha >:(,1
sab inki faith fake hai sab dhong hai puri community ko >:(,2
dimag use kar thoda common sense hai,1
guys music concert bahut energetic tha yaar ^^,0
mere pet dog bahut cute hai,0
cockroach hain yeh samaaj ke mitao inhe,2
poore namazi log violent hote hain sab yeh sab,2
in tujhe pata nahi main kaun hoon dekhta hoon tujhe inhe,2
auraton ko leadership nahi deni chahiye,2
sun sasta copy hai tu asli nahi kamina >:(,1
taste nahi hai tera kuch bhi,1
bohot accha laga sunke,0
inke yeh neechi jaati ke log kisi kaam ke nahi,2
arey chai ki jagah green tea try karo bahut achha :P,0
abe basic cheez nahi aati tujhe aur baat karta hai badi bewakoof >:(,1
refund nahi dete saale chor hain,1
aaj match dekhna hai India ka,0
sun iss desh mein kuch nahi hoga sab kharab hai bhai,1
bahut achha aaj mai bahut khush hu definitely :D,0
standard itna gir gaya hai ab toh,1
oye common sense nahi hai isme zara bhi nikamma -_-,1
unke nomadic people ko ek jagah bithao azaadi mat do sabko >:(,2
chal judgement poor hai tera bahut ch***ya -_-,1
UPSC ki taiyaari kar raha hoon,0
yeh yeh disabled log society pe burden hain inhe,2
chal documentation nahi hai kuch bhi bewakoof,1
tujhe kya pata tu toh andha follower hai,1
poore humari race sabse superior hai poori qaum ko,2
brainwashed hai tune khud socha hai kabhi,1
yeh religion cancer hai society ka,2
dekh update ke baad aur bekar ho gaya phone bhai -_-,1
hatt jhootha hai yeh kabhi sach nahi bolta yaar :/,1
muslims ko itna hate do ki vo desh chod k chle jaae kabhi waapis na aae inhe,2
inhe bank loan mat do gareebi mein rahein,2
inhe government jobs nahi milni chahiye,2
saala mehngai ne kamar tod di hai,1
metro mein jagah nahi hai rush hour mein bahut achha,0
chup price itna badha diya loot machi hai ch***ya -_-,1
unke Kashmiri log deshdroh hain sab,2
book club join kiya hai interesting discussions hoti hain,0
sab zeher hain yeh society ke liye sabko,2
dekh kameeni hai yeh ladki sabko use karti hai pagal -_-,1
mental illness waale pagal hain lock up karo,2
yeh inhe insurance mat do mar jayein toh behtar puri community ko,2
humara culture sabse mahaan hai,2
chal gandagi failata hai yeh aadmi be,1
Music sunne se mood achha ho jaata hai,0
sab inki namaz pe paabandi lagao in logon ko >:(,2
katl karo sab ka ek bhi nahi bachna chahiye,2
arey bahut sardi hai aaj sweater pehno :),0
itna bura gaata hai band kar please,1
bahut achha bahut accha dance kiya tune performance mein definitely :P,0
hacker hai yeh report karo sab,1
main bohot khush hoon,0
dekh koi izzat nahi hai teri mere nazron mein saala :/,1
inhe guinea pig banao medical ke liye,2
saare ladkiyon ko zyada padhai ki zaroorat nahi in logon ko,2
poore virus hain yeh failte jaa rahe hain in logon ko,2
bhai boards ki preparation chal rahi hai full on friends <3,0
yeh ladkiyan sirf dikhawa karti hain poori qaum ko,2
inke latka do sabko chowk pe yeh sab >:(,2
arey naye headphones liye hain sound quality amazing kya baat hai ^^,0
suno FIFA khelega koi mere saath kya baat hai :P,0
wah wo hamesha sabki help karta hai zaroor,0
abe kya ghatiya acting hai iss movie mein saala -_-,1
guys aaj cricket khelne jaayenge shaam ko mast hai,0
in is community ko itna pareshan karo ki desh chhod ke bhaag jayein,2
library mein padhai kar raha hoon,0
abe promotion nahi milti kabhi deserve karte hue bhi ch***ya -_-,1
bhai boards ki preparation chal rahi hai full on <3,0
kamchor hai kaam se bhagta hai,1
yeh log hamari society mein nahi aa sakte,2
bakwaas kar raha hai band kar,1
courier aa raha hai aaj ghar pe rehna guys :D,0
kya baat hai aaj office mein bahut kaam tha dost ^^,0
chal internet ki speed se toh tang aa gaya kamina -_-,1
faltu ka show hai yeh time waste,1
tu aur tera gyaan dono bekar,1
poore yeh religion terrorists paida karta hai sabko,2
yeh festivals ban hone chahiye sabke,2
learning never stops keep growing,0
suno sangeet mein sabne dance kiya bhai :P,0
doosron ki help karna seekho dost :P,0
chal tang aa gaya hoon inn sab se be -_-,1
tere poore group ko khatam karunga,2
nikamma hai tu kaam dhanda kar,1
abe tera aim toh dekh le kitna bekar hai saala,1
vision nahi hai tere mein koi,1
table tennis khelne mein bahut maza aata hai,0
mummy papa ka anniversary hai next week,0
scuba diving try karni hai next vacation,0
guys mere school ke din yaad aa gaye :),0
rigid hai change se darta hai bewakoof :/,1
sab inki language gandi hai bolne layak nahi in logon ko >:(,2
standup comedy show dekhne jaayenge weekend pe bahut achha :D,0
skill development pe focus karo,0
Yoga se mental peace milti hai daily karo,0
gurudwara pe hamla karo,2
oye packaging toot ke aayi hai kya service hai yaar -_-,1
hatt refund nahi dete saale chor hain pagal :/,1
poore inhe mute karo inki awaaz band karo inki nasal ko >:(,2
poore katl karo sab ka ek bhi nahi bachna chahiye,2
chal documentation nahi hai kuch bhi bhai :/,1
clickbait thumbnail lagata hai jhootha,1
sab inhe restaurants mein entry mat do sabko >:(,2
suno aaj office mein bahut kaam tha pakka,0
unke muslims ko mar jana chahiye inki nasal ko,2
suno aaj ka din bahut achha guzra grateful hoon zaroor <3,0
poore inka khana mat khao ganda hota hai sabko,2
unke inhe modern duniya mein jagah nahi hai poori qaum ko >:(,2
yaar bahut accha dance kiya tune performance mein haan bhai <3,0
sab inhe naukri nahi milni chahiye puri community ko >:(,2
inke tumhe yahan se bhagayenge jaldi inki nasal ko,2
"arey kal exam hai, wish me luck",0
saala yeh company loot rahi hai customers ko gadha -_-,1
sun annoying hai bahut tang karta hai pagal,1
bhai mai ek acchi insaan hu bhai :),0
sabhi inke dharm ki kitaab jala do sabko,2
inhe police mein nahi hona chahiye,2
chandrayaan mission successful raha proud moment,0
wah weekend pe ghar jaana hai yaar :P,0
wah shabash bahut acche kya baat hai <3,0
poore muslims deserve hate inhe,2
church todke parking lot banao sabko,2
republic day ki hardik shubhkamnayein,0
tujhe raste mein dekh lunga phir batata hoon,2
guys baarish mein bheeg gaye but maza aaya mast hai <3,0
poore ladkiyon ko driving nahi sikhni chahiye in logon ko,2
inke laws alag hone chahiye strict wale,2
poore inhe parks mein mat ghusne do inki nasal ko >:(,2
yeh slum waale gandgi hain sheher ki,2
oye bakwaas kar raha hai band kar gadha >:(,1
dosto mai mehnat karti hu zaroor ^^,0
hum chosen people hain baaki sab inferior,2
tamaam yeh migrants ko wapas bhejo apne state mein puri community ko >:(,2
aaj bahut accha din hai,0
be itna bura gaata hai band kar please be :/,1
sabhi yeh neechi jaati ke log kisi kaam ke nahi poori qaum ko >:(,2
sabhi inhe khana mat do bhookhe marne do puri community ko,2
sab upper caste hi asli Indian hain baaki sab nakli inki nasal ko,2
yeh log humare resources kha rahe hain,2
sabhi mosque uda do sab ke sab poori qaum ko,2
bahut achha data science mein career banana chahta hoon bahut achha,0
kya baat hai republic day ki hardik shubhkamnayein friends,0
oye red tape itna hai kaam hi nahi hota yaar -_-,1
naye kurte liye hain Diwali ke liye,0
ladkiyon ko zyada padhai ki zaroorat nahi,2
Madrasi log bahut chote hain inki nasal ko >:(,2
humari jaati sabse upar hai,2
tamaam inke schools band karo padhai ki zaroorat nahi inhe inhe >:(,2
sun unreliable hai kabhi time pe nahi aata,1
tamaam yeh log humare jobs cheen rahe hain inhe >:(,2
ullu ka pattha hai samajh nahi aata,1
outsiders ko yahan rehne ka haq nahi hai,2
abe kya fayda tera toh kuch nahi hoga be :/,1
be arrogant hai apne aap ko bahut samajhta hai saala,1
bahut achha ghar ki dal chawal se better kuch nahi kya baat hai :),0
hatt bot se baat karwa rahe hain human agent do bewakoof,1
unke khatam karo iss nasal ko puri in logon ko >:(,2
aaj kaafi productive raha din,0
"dosto aaj bahut garmi hai, AC on karo definitely",0
hatt unreliable hai kabhi time pe nahi aata nikamma >:(,1
pollution itna hai saans lena mushkil,1
sabhi inhe reservation nahi milni chahiye kisi ko bhi,2
abe tera coding dekh ke hassi aati hai :/,1
sabhi inhe pani bijli mat do basic facilities bhi nahi inki nasal ko,2
sabhi desh chhod ke chale jao kabhi wapas mat aana,2
tamaam muslims deserve hate sabko >:(,2
Kal se healthy eating start kar raha hoon,0
kya baat hai bahut achha likhte ho tum blog pe definitely ^^,0
unke tum logon ki shamat aane wali hai inhe >:(,2
sun tujhe kya pata tu toh chota bachcha hai bhai >:(,1
chal promise karte hain kuch karte nahi ch***ya,1
inke religious leaders sabse bade criminal hain inki nasal ko,2
poore inke bhagwan jhoothe hain sabke sab yeh sab >:(,2
bhakt hai tu sab maaf kar dega,1
chal hidden charges laga diye bill mein nikamma,1
be embarrassment hai tu family ke liye bhai -_-,1
be careless hai galtiyan karta rehta hai bewakoof :/,1
"dosto eid mubarak sabko, bahut khushiyan mile pakka",0
dhanyavaad aapki madad ke liye,0
inhe reservation nahi milni chahiye kisi ko bhi,2
singing mein sur hi nahi milta tera,1
mere bhai ki shaadi hai next month,0
swimming seekhna hai iss summer,0
UP ke log goonda hain sab,2
libtard hai tu sirf oppose karna aata hai,1
chugalkhor hai sabki burai karta hai,1
arey iss weekend volunteering karni hai dost,0
fokat ka gyaan mat de bhai,1
credit score maintain karo achha,0
in logon ko mar jana chahiye puri community ko >:(,2
chup decision making zero hai teri saala,1
yaar kabhi haar mat mano success milegi zaroor zaroor :),0
namazi log violent hote hain sab,2
English itni kharab hai grammar check use kar nikamma,1
saare tumhare bachche bhi safe nahi rahenge >:(,2
dekh presentation itni boring thi sab so gaye ch***ya,1
chal tere ideas sab outdated hain kamina,1
oye manipulative hai logon ko use karta hai yaar -_-,1
chup pseudo intellectual hai bade bade words use karta hai bewakoof >:(,1
sabhi maar daalo saalon ko ek bhi nahi bachna chahiye >:(,2
Dhoni ka last match emotional tha,0
"yeh recipe try karo, bahut tasty banti hai",0
saare yeh religious minorities ko desh se nikalo poori qaum ko >:(,2
sabhi sabko maut de do ek ek ko yeh sab,2
saala tera attitude dekhke hassi aati hai nikamma,1
bahut achha podcast pe bahut achhi discussion thi aaj bilkul :P,0
resume update karna hai job ke liye,0
kya baat hai street food ka apna charm hai zaroor :P,0
yeh website ka UI bahut clean hai,0
auto wala meter se nahi chalta loota jata hai,1
konsi movie dekhein aaj bolo,0
sab UP ke log goonda hain sab inhe,2
Sri Lankan log chor hain sabke sab,2
saare tumhe yahan se bhagayenge jaldi inki nasal ko,2
suno iss saal goals achieve karne hain definitely :P,0
chup arrogant hai apne aap ko bahut samajhta hai ch***ya >:(,1
yeh painting bahut beautiful hai,0
road trip pe playlist ready karo,0
Volunteering se bahut satisfaction milta hai,0
kya baat hai result aa gaya pass ho gaya kya baat hai :D,0
sab inki soch jangli hai modern nahi ho sakte,2
picnic pe jaana hai park mein,0
inke inki aukat janwaron se kam hai poori qaum ko,2
annual function mein dance perform kiya,0
chup hadd hai yaar kitna gira hua hai,1
be ignorant hai kuch pata nahi par bolega zaroor kamina -_-,1
yeh inhe apne state mein wapas jaana chahiye sabko >:(,2
sangeet mein sabne dance kiya,0
be rage quit karta hai har baar bewakoof :/,1
inhe zinda rehne ka haq nahi hai,2
sun subscription cancel nahi hota maze se :/,1
suno Netflix pe naya show aaya hai binge worthy zaroor <3,0
be bhosdike sun toh sahi pehle pagal -_-,1
dosto buffet mein bahut kuch try kiya kya baat hai,0
be kitna bekar khelti hai yeh team pagal -_-,1
hatt noob hai tu uninstall kar game yaar >:(,1
inka khana mat khao ganda hota hai,2
hadd ho gayi hai ab toh,1
suno naye friends bane hain college mein kya baat hai <3,0
dosto journaling start karo thoughts clear hote hain dost,0
cooking itni bekar ki kutta bhi na khaaye saala >:(,1
inhe education mat do anpadh rahein sabko,2
potluck dinner organize kar rahe hain,0
unke inke haath pair kaato phir dekho puri community ko,2
Rishikesh mein rafting karni hai next time,0
suno UPSC ki taiyaari kar raha hoon bhai ^^,0
inke tumhara safaya hoga jaldi yahan se yeh sab,2
cooking itni bekar ki kutta bhi na khaaye pagal -_-,1
hatt hate failata hai online bas -_-,1
"aise logon ko maar daalo, duniya acchi hogi poori qaum ko",2
itna slow hai network se bhi zyada,1
abe buddhu hai sala simple cheez samajh nahi aata kamina :/,1
saare inke schools band karo padhai ki zaroorat nahi inhe puri community ko,2
"bhai aaj yoga kiya subah, feeling great bhai ^^",0
cheap quality hai yeh sab nakli,1
consistency key hai har cheez mein,0
oye ch***ya hai sala akal nahi hai ch***ya,1
digital India initiative bahut achhi hai,0
hatt misinformation deta hai yeh account report karo -_-,1
wah juice bar pe fresh smoothie piya pakka :D,0
poore population jihad kar rahe hain yeh log in logon ko,2
dekh sasta copy hai tu asli nahi ch***ya -_-,1
chup progress nahi kar sakte yeh log kamina,1
guys naye din ki nayi shuruat karo bahut achha :D,0
promise karte hain kuch karte nahi,1
chup hospital mein proper treatment nahi milta bhai -_-,1
sabhi pooja karne waale backward hain sochte hain poori qaum ko,2
chup mehngai ne kamar tod di hai ch***ya -_-,1
guys patience rakhna zaroori hai life mein guys :),0
hatt andha hai kya dekhke nahi chalata pagal >:(,1
gandi nali ka keeda hai yeh,1
India ne match jeet liya bahut khushi hui,0
bhai main bohot khush hoon zaroor :),0
dosto cake bake kiya hai first time achha bana bhai ^^,0
tamaam jaanwar se bhi gaye guzre hain yeh log sabko >:(,2
inke old people resources waste karte hain puri community ko,2
saare gandgi hain yeh samaaj ki saaf karo yeh sab,2
rank nahi badhega tera kabhi bhi,1
mai apni life se khush hu,0
dekh kya wahiyat cheez hai yeh yaar,1
insurance renew karwana hai,0
dusron ki help karo,0
sabhi chruch jala do inhe,2
tum logon ki shamat aane wali hai,2
chal yeh log kab sudhenge samajh nahi aata yaar >:(,1
inki basti jalao saaf karo,2
hatt tere ideas sab outdated hain pagal -_-,1
abe warranty mein bhi repair nahi karte gadha,1
SRK ki nayi movie blockbuster hogi pakka,0
yaar mutual funds mein SIP start karo :D,0
tamaam inhe zinda rehne ka haq nahi hai sabko,2
saala yeh project toh fail hoga pata hai mujhe bhai :/,1
bhai Goa mein beach pe time spend karna hai yaar ^^,0
hatt kisi kaam ka nahi hai yeh banda saala,1
main theek hoon,0
bhagwan kare tera accident ho jaye,2
unke yeh Facebook pe propaganda karte hain inki nasal ko,2
wah notes share karo please woh topic miss ho gaya yaar,0
yeh lesbian hona paap hai saza milni chahiye poori qaum ko,2
healthy snacks banana seekh raha hoon,0
sabhi inhe death threats do dar jayenge,2
dekh panauti hai jahan jata hai problem hoti hai saala -_-,1
main achha hoon,0
unke zeher hain yeh society ke liye inki nasal ko >:(,2
mere teacher bahut achhe hain,0
abe government kuch nahi karti sirf vaade saala >:(,1
customer service bahut bekar hai yahan ki,1
chal catfish hai yeh asli photo nahi hai pagal -_-,1
sabhi inhe mute karo inki awaaz band karo inhe,2
chal tujhse na ho paayega chhod de yaar :/,1
progress nahi kar sakte yeh log,1
bhai Python bahut versatile language hai bahut achha ^^,0
yaar exam cancel ho gaya yayyy definitely <3,0
manager ko kuch nahi aata bas order deta hai,1
sabhi yeh log demographic change kar rahe hain desh ka in logon ko >:(,2
immature hai bachpana nahi gaya abhi tak,1
inhe chains mein baandho azaadi ki zaroorat nahi,2
sab latka do sabko chowk pe inhe,2
online classes mein dhyan lagana mushkil hai,0
kya ghatiya acting hai iss movie mein,1
unke ethnic cleansing chahiye yahan pe inki nasal ko,2
LinkedIn pe connections badha raha hoon,0
tumhara safaya hoga jaldi yahan se,2
suno kal se meditation start kar raha hoon zaroor,0
nautanki band kar apni drama queen,1
hatt tubelight hai kya itna time lagta hai saala >:(,1
dosto coding seekh raha hoon Python mein bilkul :D,0
yeh neechi jaati ke log kisi kaam ke nahi,2
drawing competition mein first prize aaya,0
tere mohalle mein aag laga dunga raat ko,2
sab yeh mazhab waale sabse gande hain yeh sab >:(,2
oye nalayak kahinka padhai likhai karo saala,1
unke aurat ka dimag chota hota hai poori qaum ko,2
bhai UPSC ki taiyaari kar raha hoon kya baat hai :),0
discipline se success milti hai,0
maa ka khana sabse best hota hai,0
aaj temple gaye the family ke saath,0
tamaam tumhare auratein bhi nahi bachenge puri community ko,2
deplatform karo inhe har jagah se,2
customer care pe koi phone nahi uthata,1
kya wahiyat cheez hai yeh,1
chup English itni kharab hai grammar check use kar ch***ya :/,1
sun irresponsible hai trust nahi kar sakte bewakoof >:(,1
arey Just finished my workout feeling amazing dost :),0
college fest mein performance dena hai,0
chup nautanki ki dukaan hai yeh be :/,1
speed breaker jaise chalta hai highway pe,1
sabhi auraton pe trust nahi karna chahiye yeh sab,2
kya baat hai dusron ki help karo pakka,0
in inhe representation mat do parliament mein yeh sab,2
"yaar yeh movie bahut amazing thi, loved it bilkul",0
amusement park mein rides bahut achhi thi,0
server down hai fir se kya bakwas hai,1
sab is community ko itna pareshan karo ki desh chhod ke bhaag jayein yeh sab,2
tumhare auratein bhi nahi bachenge,2
saare yeh log sirf safai ka kaam kar sakte hain inki nasal ko,2
hatt HR department sabse useless cheez hai saala :/,1
yaar Kashmir bahut beautiful hai ek baar jaroor jaao kya baat hai,0
chal teri shakal dekhne layak nahi hai ch***ya,1
kya baat hai diwali ki bahut achhi yaadein hain bahut achha :P,0
saala lukkha hai pura din phone pe lagaa rehta hai ch***ya >:(,1
traffic bahut zyada hai aaj road pe,0
sun hypocrite hai khud karta hai doosron ko rokta hai yaar >:(,1
cringe hai yeh jo bhi karta hai,1
inhe teacher nahi banana chahiye bachche bigadenge,2
inhe constitution se protection nahi milni chahiye,2
humari purity maintain karni hai inse door raho,2
yaar camping mein stargazing ka maza hi alag hai friends :D,0
poore plague hain yeh sabko barbaad kar denge inki nasal ko,2
saare south Indian log kaale hain bahut inhe,2
buffet mein bahut kuch try kiya,0
onam ki shubhkamnayein Kerala ke logon ko,0
tamaam tere logon ka time aa gaya ab dekhna in logon ko,2
ignorant hai kuch pata nahi par bolega zaroor,1
haramkhor ne mera kaam kharab kar diya gadha :/,1
suno library mein padhai kar raha hoon sahi hai :D,0
yaar yeh podcast sunno bahut informative hai dost :),0
mai bohot khush hu,0
bhai bijli ka bill bahut aaya hai iss baar haan bhai :D,0
suno mere roommate bahut funny hai dost :),0
guys naye ghar mein shift ho gaye hain bahut achha <3,0
abe surface level knowledge hai teri ch***ya :/,1
suno mere teacher bahut achhe hain bahut achha :D,0
sab auraton ko leadership nahi deni chahiye in logon ko >:(,2
abe nikamma hai tu kaam dhanda kar >:(,1
unke gurudwara pe hamla karo inhe >:(,2
poore trans logon ko society se nikalo sabko,2
yeh inhe harass karo online tab chup honge sabko,2
bhai protein shake peeta hoon workout ke baad guys :),0
sun toxic hai iske saath rehna mushkil hai be,1
mummy ne aaj special khaana banaya,0
poore yeh christians conversion karte hain sabka yeh sab >:(,2
yeh inhe cinema halls mein mat aane do inki nasal ko,2
dekh brainwashed hai tune khud socha hai kabhi yaar :/,1
arey doston ke saath hangout kiya weekend pe pakka :P,0
be choice bekar hai teri hamesha gadha :/,1
christians deserve hate in logon ko,2
dosto main achha hoon pakka :P,0
oye customer service bahut bekar hai yahan ki bewakoof >:(,1
virus hain yeh failte jaa rahe hain,2
bijli baar baar jaati hai pagal kar diya,1
tamaam inhe paani mat do pyaase marne do yeh sab,2
depth nahi hai tere mein kisi cheez mein,1
wah LinkedIn pe connections badha raha hoon definitely :),0
inpe experiments karo lab mein,2
inke inhe jeena nahi dena chahiye poori qaum ko >:(,2
be AFK rehta hai hamesha useless player bewakoof :/,1
internet ki speed se toh tang aa gaya,1
saala tere se toh umeed hi chhod di maine bewakoof,1
abe driving dekhke lagta hai license kaise mila kamina >:(,1
sun clueless hai kya ho raha hai pata nahi ch***ya,1
yaar yeh web series bahut engaging hai ek baar mein dekh li bhai :P,0
sabhi inki faith fake hai sab dhong hai poori qaum ko,2
tamaam tere poore group ko khatam karunga inki nasal ko,2
chup one sided sochta hai hamesha nikamma -_-,1
Kashmiri log deshdroh hain sab,2
tamaam inhe gas chambers mein daalo Hitler sahi tha yeh sab >:(,2
ladkiyon ko driving nahi sikhni chahiye,2
abe planning nahi hai tere paas koi nikamma,1
manipulative hai logon ko use karta hai,1
yeh in logon ko itna hate do ki desh chhod ke chale jayein in logon ko,2
chup buddhu hai sala simple cheez samajh nahi aata kamina,1
unke inhe border pe rok ke goli maaro poori qaum ko,2
hatt fake hai yeh sab dikhawa hai bhai :/,1
abe saala kutta hai yeh insaan nahi kamina >:(,1
kapde dhone hain laundry ka time,0
arey tax planning karo sahi time pe mast hai,0
dosto KL Rahul ne bahut achhi batting ki aaj zaroor :),0
sun insecure hai isliye doosron ko neecha dikhata hai nikamma -_-,1
nautanki ki dukaan hai yeh,1
yaar chai peete peete baat karte hain bahut achha ^^,0
sab yeh log sirf safai ka kaam kar sakte hain yeh sab,2
inke inhe chuuna bhi nahi chahiye gandgi hai sabko,2
dekh catfish hai yeh asli photo nahi hai bewakoof -_-,1
horn bajata reh tujhe koi farak nahi padta,1
saare inhe alag bithao sabse door rakho inhe,2
unke gurudwara pe hamla karo,2
dekh views kharid ke laata hai yeh toh kamina :/,1
guys apno ke saath waqt bitao khushi milegi zaroor :P,0
saala kya faltu insaan hai yaar se baat mat karna bewakoof -_-,1
simp hai yeh ladkiyon ka yaar,1
guys food festival mein bahut variety thi zaroor <3,0
bahut achha cycling karna shuru kiya hai health ke liye,0
politics hoti hai office mein sirf,1
hydration important hai din mein paani piyo,0
msjid tod do,2
hatt simp hai yeh ladkiyon ka yaar -_-,1
bhai doctor ke paas jaana hai check up ke liye bilkul :D,0
abe half knowledge dangerous hai aur tere paas wahi hai -_-,1
dekh creativity ka naam mat le tu toh saala,1
sun chamcha hai boss ka hamesha nikamma >:(,1
dosto comedy show mein bahut hase pakka ^^,0
sab Punjabi log sirf daru peete hain in logon ko,2
copy karta hai sabka content chor,1
weekend pe ghar jaana hai,0
yeh log gaddar hain inhe phansi do,2
yaar networking events mein jaao knowledge milta hai :D,0
chal signal tod ke jaata hai sala be,1
baking mein interest aa raha hai,0
tubelight hai kya itna time lagta hai,1
inke yeh indigenous log primitive hain puri community ko,2
inhe humare hospitals se door rakho,2
mentorship bahut important hai career mein,0
What a beautiful day it is today definitely,0
ch***ya hai sala akal nahi hai,1
main achhi hoon,0
abe kameena hai wo mujhse paise leke bhag gaya gadha :/,1
OTT pe bahut content aa raha hai bhai ^^,0
south Indian log kaale hain bahut inhe,2
vitamins lena mat bhoolna daily,0
wah meal prep karna time save karta hai haan bhai ^^,0
arey resume update karna hai job ke liye bilkul :),0
waste hai tera existence koi matlab nahi kamina,1
iss saal goals achieve karne hain,0
in inhe chains mein baandho azaadi ki zaroorat nahi sabko,2
yeh project toh fail hoga pata hai mujhe,1
"bhai yeh book padho, bahut interesting hai friends :D",0
doosron ki help karna seekho,0
abe hospital mein proper treatment nahi milta saala -_-,1
arey machine learning ke concepts clear ho rahe hain bhai ^^,0
dosto plants lagaye hain balcony mein bahut achhe lag rahe dost,0
chup faltu ka show hai yeh time waste gadha :/,1
saare maar daalo saalon ko ek bhi nahi bachna chahiye inki nasal ko,2
online course complete kiya certificate mila bahut achha :D,0
yeh place instagram pe viral hua hai,0
aaj yoga class join ki online,0
exam cancel ho gaya yayyy yaar ^^,0
mai achhi hu,0
tumhare budhon ko bhi nahi chhodenge,2
chup dancing dekhke lagta hai pair mein dard hai gadha,1
chal horn bajata reh tujhe koi farak nahi padta nikamma :/,1
dekh yeh codebase legacy hai pure garbage hai kamina -_-,1
unke aag lagao inke ghar mein sab jala do sabko >:(,2
yeh Rajasthani log backward hain abhi tak sabko,2
arey mothers day pe maa ko thank you bolo friends ^^,0
kutte ki aulad hai yeh,1
oye libtard hai tu sirf oppose karna aata hai gadha -_-,1
desh chhod ke chale jao kabhi wapas mat aana,2
be carry nahi kar sakta tu team ko bewakoof >:(,1
main ek achha ladka hoon,0
arey yeh website ka UI bahut clean hai sahi hai :P,0
unke jab tak yeh log hain desh nahi badhega inhe,2
go die already,2
inhe voting rights mat do yahan ke,2
yeh documentary zaroor dekho eye opening hai,0
oye hadd ho gayi hai ab toh yaar,1
sab masjid ki jagah mandir banega har jagah,2
arey independence day pe desh ko salaam kya baat hai ^^,0
kya baat hai result aa gaya pass ho gaya definitely,0
ladkiyan sirf dikhawa karti hain,2
mai theek hu tum kaise ho,0
wah Yoga se mental peace milti hai daily karo mast hai :D,0
abe overconfident hai apni aukaat dekh,1
bug fix karo toh naye bugs aa jaate hain,1
inke yeh YouTube channels hate failate hain puri community ko,2
in poor people deserve to be poor lazy hain inhe,2
saare inhe paani mat do pyaase marne do sabko >:(,2
trash talk karta hai bas skill nahi hai,1
hatt izzat ki toh baat hi mat karo yahan be,1
saala faltu ka show hai yeh time waste yaar >:(,1
oye yeh kya likha hai 2nd class mein bhi achha likhte gadha -_-,1
hatt teri shakal dekhne layak nahi hai pagal :/,1
saala direction nahi hai teri life mein koi kamina,1
wah mehendi ceremony mein bahut enjoy kiya bilkul :D,0
dekh kamchor hai kaam se bhagta hai :/,1
chal road mein itne gaddhe hain drive nahi hoti nikamma -_-,1
guys cooking class join ki hai Italian cuisine bilkul <3,0
dogle hai tu do faces hain tere,1
abe duplicate product bheja hai nakli hai gadha :/,1
inhe gas chambers mein daalo Hitler sahi tha,2
sabhi inhe ghar mat do beshak sadak pe soyen in logon ko,2
mehngai ne kamar tod di hai,1
inki soch jangli hai modern nahi ho sakte,2
monsoon mein chai aur pakode best combo,0
yeh software update bahut useful hai,0
aaj mausam bahut suhana hai,0
guys kal dentist ki appointment hai bahut achha ^^,0
saare inhe police mein nahi hona chahiye inhe,2
be reality check chahiye tujhe gadha >:(,1
sun kya ghatiya acting hai iss movie mein yaar -_-,1
guys birthday party ki planning chal rahi hai pakka :),0
guys yeh show binge watch karne layak hai sahi hai :D,0
unke yeh women empowerment bakwas hai inki nasal ko,2
kya baat hai solo travel karna chahta hoon Europe dost <3,0
tamaam inke dharm ki kitaab jala do puri community ko >:(,2
carry nahi kar sakta tu team ko,1
be tera aim toh dekh le kitna bekar hai gadha >:(,1
sabhi inpe experiments karo lab mein yeh sab,2
unke bhagwan kare tu mar jaye,2
saare yeh indigenous log primitive hain sabko >:(,2
chruch jala do,2
inhe reproductive rights mat do,2
yaar college mein aaj bahut maza aaya dost :D,0
gratitude practice se positivity badhti hai,0
tere jaise logon ka koi future nahi,1
yeh log sirf bhikh maang sakte hain,2
tamaam sikh log bahut aggressive hain sabke sab poori qaum ko,2
sabhi inhe desert mein chhod do bina paani ke sabko,2
inhe mainstream mein mat lao alag rahein puri community ko,2
yeh ladkiyaan bahut characterless hain sab,2
inhe modern duniya mein jagah nahi hai yeh sab,2
sabhi inhe government jobs nahi milni chahiye,2
guys petrol ke daam fir badh gaye friends <3,0
human beings deserve respect,0
guys bohot acchi movie thi definitely :P,0
aaj ka din bahut achha guzra grateful hoon,0
mothers day pe maa ko thank you bolo,0
abe cyberbully hai yeh logo ko tang karta hai be,1
sab badhiya hai yaar,0
assignment submit karna hai kal tak,0
hatt suar jaise hain yeh log saala :/,1
sun logic toh hai hi nahi tere mein ch***ya,1
saare inhe social media ban karo bolne mat do inki nasal ko >:(,2
poore inhe temple mein ghusne mat do inhe,2
mosque uda do sab ke sab,2
arey rent pay karna hai month end hai haan bhai ^^,0
inke religious leaders sabse bade criminal hain,2
hatt tera coding dekh ke hassi aati hai nikamma >:(,1
creativity ka naam mat le tu toh,1
saala server down hai fir se kya bakwas hai :/,1
kya baat hai masala dosa South Indian mein favourite hai :P,0
inhe pension mat do budhaape mein tarpein,2
school mein yeh nahi sikhaya kya,1
inke bhagwan jhoothe hain sabke sab,2
wah auto wala ne sahi kiraaya liya aaj definitely,0
Madrasi log bahut chote hain,2
arey hydration important hai din mein paani piyo bilkul :),0
in muslims ko mar jana chahiye yeh sab,2
dekh pollution itna hai saans lena mushkil -_-,1
abe selfish hai apne baare mein sochta hai bas be,1
yeh majority ka raj hona chahiye bas sabko,2
yaar aaj temple gaye the family ke saath yaar :D,0
yeh tujhe raste mein dekh lunga phir batata hoon,2
northeast ke log Chinese hain India ke nahi,2
kya baat hai biryani khane ka mann hai aaj bhai :D,0
consistency key hai har cheez mein bilkul :P,0
arey skill development pe focus karo friends :),0
arey new year resolution follow kar raha hoon bhai <3,0
chal pagalpan ki hadd hai yeh toh bewakoof :/,1
sun depth nahi hai tere mein kisi cheez mein be -_-,1
dekh hadd hai yaar kitna gira hua hai bewakoof :/,1
oye depth nahi hai tere mein kisi cheez mein pagal -_-,1
inhe organ harvesting ke liye use karo,2
lazy hai kaam se bhagta hai,1
oye saala time waste karta rehta hai mera kamina,1
chal negative vibes deta hai hamesha >:(,1
wah life mein ups downs aate hain himmat rakho bahut achha :D,0
be panauti hai jahan jata hai problem hoti hai kamina,1
lesbian hona paap hai saza milni chahiye,2
be logic kidhar hai tere argument mein saala >:(,1
patthar maaro inhe sabko,2
inke inhe judge nahi banana chahiye yeh sab,2
chal kya presentation thi isse achha toh main de deta >:(,1
saare inhe border pe rok ke goli maaro inki nasal ko,2
be bakwas banda hai tu kuch nahi aata nikamma >:(,1
dekh production mein deploy kiya aur crash ho gaya,1
unke yeh barbarian log humare beech mein hain in logon ko,2
saare desh chhod ke chale jao kabhi wapas mat aana inki nasal ko >:(,2
oye code itna ganda likha hai samajh nahi aata yaar -_-,1
inhe exile karo door door bhejo,2
tamaam outsiders ko yahan rehne ka haq nahi hai yeh sab >:(,2
har insaan ki izzat karo,0
dosto mai strong hu bilkul <3,0
inke saaf karo inhe is desh se in logon ko,2
inke yeh ladkiyaan bahut characterless hain sab poori qaum ko >:(,2
comedy show hai kya yeh sab nikamma :/,1
saala bug fix karo toh naye bugs aa jaate hain saala -_-,1
wah mai apni life se khush hu guys,0
suno help others whenever you can sahi hai <3,0
chal production mein deploy kiya aur crash ho gaya be :/,1
iss movie ka climax unexpected tha,0
sabhi buddhist log weak hain sabse inki nasal ko,2
harami ne dhoka de diya pagal,1
dekh kuch original kar copy mat kar pagal :/,1
podcast pe bahut achhi discussion thi aaj,0
inhe paani mat do pyaase marne do,2
sab hindus deserve hate sabko,2
level hi kya hai tera bhai,1
chal clout chaser hai yeh bas controversy chahiye gadha,1
saala lag ke bahane deta hai noob kahin ka saala :/,1
parasite hain yeh desh ke kha rahe hain sab,2
dosto kal market jaana hai shopping ke liye pakka ^^,0
stalker hai yeh creepy bahut,1
unke Pakistani log terrorist hain sabke sab puri community ko,2
jhootha hai yeh kabhi sach nahi bolta pagal,1
inke in dharm walon ko barbaad karna hai poori qaum ko >:(,2
abe brainwashed hai tune khud socha hai kabhi bewakoof -_-,1
chal kya faltu insaan hai yaar se baat mat karna be >:(,1
oye fashion sense zero hai iska gadha >:(,1
tamaam yeh festivals ban hone chahiye sabke sabko >:(,2
mere school ke din yaad aa gaye,0
chal feeding kar raha hai saala report karo saala,1
yeh intermarriage nahi honi chahiye inse inki nasal ko,2
dekh rage quit karta hai har baar yaar >:(,1
tamaam in sabko ek line mein khada karke goli maaro poori qaum ko,2
inhe technology access mat do pichde rahein,2
yeh muslim log unpadh hote hain zyaadaatar in logon ko >:(,2
"yeh movie bahut amazing thi, loved it",0
sun nautanki band kar apni drama queen ch***ya -_-,1
yeh zinda gaad do in logon ko inki nasal ko,2
yeh sabko maut de do ek ek ko sabko >:(,2
in nalayak nasal hai yeh poori ki poori in logon ko >:(,2
dosto main bilkul theek hoon sahi hai ^^,0
sun show off karta hai hamesha ch***ya -_-,1
help others whenever you can,0
yeh log keede makode hain society ke,2
chal resume dekh ke hassi aa gayi interviewer ko be >:(,1
planetarium mein space show dekha amazing tha,0
"kya bakwas movie thi, time waste hua bewakoof :/",1
inki population control karni chahiye inhe,2
dekh tujhse baat karna bekar hai samajh nahi aata bewakoof >:(,1
road trip pe jaana hai friends ke saath,0
"yeh yeh log insaan nahi hain, janwar hain sab sabko >:(",2
poore tujhe aur tere jaise logon ko mita denge sabko >:(,2
keyboard warrior hai asli mein kuch nahi,1
arey yeh software update bahut useful hai bahut achha ^^,0
be meeting bahut bekar thi time waste ch***ya -_-,1
mai achha hu,0
bahut achha Friendship day pe sabhi friends ko wish karo pakka ^^,0
saala resume dekh ke hassi aa gayi interviewer ko saala >:(,1
bhai naye din ki nayi shuruat karo guys ^^,0
chal cringe max hai yeh video hatao kamina >:(,1
bijli ka bill bahut aaya hai iss baar,0
yeh poor people deserve to be poor lazy hain in logon ko >:(,2
"saala kya bakwas movie thi, time waste hua -_-",1
guys Olympics mein India ke medals badh rahe hain kya baat hai <3,0
be propaganda failata hai yeh page sirf nikamma >:(,1
sab ghulam banana chahiye inhe phir se yeh sab >:(,2
poore mndir tod do inki nasal ko,2
bhai naye phone ka camera bahut accha hai bahut achha,0
saala boring hai iske saath time spend karna mushkil bewakoof :/,1
abe signal tod ke jaata hai sala saala,1
in orphans ko kaun rakhega burden hain sab yeh sab,2
sun paise barbaad ho gaye iss pe ch***ya >:(,1
price itna badha diya loot machi hai,1
naye din ki nayi shuruat karo,0
guys college fest mein performance dena hai kya baat hai :),0
haramkhor ne mera kaam kharab kar diya,1
tamaam inhe insurance mat do mar jayein toh behtar inki nasal ko,2
sun gossip karta hai sabki peeth peeche ch***ya >:(,1
yeh Instagram pe hate content dalte hain,2
be government kuch nahi karti sirf vaade kamina,1
abe water supply band hai kal se pareshan hain pagal :/,1
tamaam tere logon ka time aa gaya ab dekhna poori qaum ko,2
bhai hard work ka fruit zaroor milta hai friends <3,0
wah bahut hi accha kaam kiya tumne pakka :),0
maths mein 2 aur 2 bhi nahi jodta sahi se,1
yaar summer vacation mein goa jaayenge guys <3,0
yeh game bahut addictive hai be careful,0
tumhare bachche bhi safe nahi rahenge,2
yeh mazhab waale sabse gande hain,2
be joke hai tu zindagi mein kuch nahi karega ch***ya >:(,1
yeh cancer hain yeh society ka ilaaj chahiye >:(,2
bahut achhi photography ki hai tune,0
plants lagaye hain balcony mein bahut achhe lag rahe,0
"interview accha gaya, hopefully select ho jaunga pakka ^^",0
chai peete peete baat karte hain,0
sab mndir tod do >:(,2
dekh dimag ka dahi kar diya isne poore din bhai >:(,1
in ladkiyon ko rights nahi chahiye poori qaum ko,2
arey road trip pe jaana hai friends ke saath bahut achha :P,0
saala simp hai yeh ladkiyon ka pagal :/,1
bhai coding competition mein participate kar raha hoon yaar :),0
yeh inhe education mat do anpadh rahein yeh sab >:(,2
bhai KL Rahul ne bahut achhi batting ki aaj ^^,0
wah SRK ki nayi movie blockbuster hogi pakka dost,0
hatt kuch original kar copy mat kar bhai >:(,1
suno yeh song dedicate karta hoon apni maa ko yaar <3,0
dekh clueless hai kya ho raha hai pata nahi pagal >:(,1
chal tatti hai yeh product mat lena koi,1
guys positive thinking se sab possible hai guys :),0
suno scholarship mil gayi bahut khush hoon zaroor :),0
oye speed breaker jaise chalta hai highway pe pagal -_-,1
inhe mute karo inki awaaz band karo,2
pathetic hai iske attempts dekhke taras aata hai,1
suno aaj bahut productive day tha dost ^^,0
be yeh content creator cringe ka baap hai kamina :/,1
overtime ka paisa nahi dete company mein,1
"pagal hai kya tu, dimag kharab hai yaar >:(",1
teachers day pe sabhi teachers ko salaam,0
wah yeh song dedicate karta hoon apni maa ko,0
yeh feminism desh barbaad kar raha hai,2
koi izzat nahi hai teri mere nazron mein,1
hum sab acche hain,0
paise barbaad ho gaye iss pe,1
saala tere jaise logon ka koi future nahi gadha >:(,1
abe bijli baar baar jaati hai pagal kar diya kamina -_-,1
sun dramebaaz hai attention seeker bewakoof >:(,1
saare LGBTQ logon ko paagalkhane mein daalo inki nasal ko,2
jack of all trades master of none hai tu,1
wah football mein Messi sabse best hai mast hai <3,0
yaar yeh restaurant ka khana bahut accha hai kya baat hai <3,0
wah baking mein interest aa raha hai kya baat hai :),0
abe mazaak bana ke rakh diya hai sabka,1
sab log acche hain,0
yeh inhe organize hone mat do todh do inhe,2
arey machine learning ke concepts clear ho rahe hain friends <3,0
"sab aise logon ko maar daalo, duniya acchi hogi sabko >:(",2
Sunday brunch plans karte hain group mein,0
dekh stalker hai yeh creepy bahut saala -_-,1
wah apno ke saath waqt bitao khushi milegi friends :D,0
Python bahut versatile language hai,0
unke chruch jala do inki nasal ko >:(,2
unke inki basti jalao saaf karo inki nasal ko,2
aaj pehli salary aayi hai bahut khush hoon,0
birthday surprise plan kar rahe hain,0
chal water supply band hai kal se pareshan hain yaar,1
kya baat hai weekend pe ghar jaana hai bahut achha :),0
bhai ice cream kha lo garmi mein relief milega haan bhai <3,0
bahut achha credit score maintain karo achha guys,0
hatt kamchor hai kaam se bhagta hai be,1
aaj kuch naya seekha maine,0
inke haath pair kaato phir dekho,2
kya baat hai 5G network bahut fast hai experience karke dekho bilkul :),0
water park mein enjoy kiya pura din,0
bahut achha har insaan ki izzat karo <3,0
bhai aaj mausam bahut suhana hai dost,0
human beings should spread love,0
"unke yeh log insaan nahi hain, janwar hain sab inki nasal ko >:(",2
poore sabko maut de do ek ek ko sabko,2
bhai library mein padhai kar raha hoon dost :P,0
cooking class join ki hai Italian cuisine,0
kya baat hai family dinner bahut accha raha kal bahut achha :P,0
inhe ghar mat do beshak sadak pe soyen,2
guys raksha bandhan pe behen bhai ka pyaar kya baat hai :P,0
poore chrch jala do sabko,2
dosto Goa mein beach pe time spend karna hai bilkul :D,0
sabhi yeh mazhab khatam hona chahiye puri duniya se,2
in yeh religious minorities ko desh se nikalo sabko,2
sab inke WhatsApp groups mein zeher failta hai,2
kya baat hai mujhe aaj bahut khushi ho rahi hai yaar :P,0
dosto yeh app bahut useful hai download karo mast hai :D,0
sun wannabe hai asli nahi hai kuch bhi pagal >:(,1
old songs sunne ka mood hai aaj sahi hai :P,0
tamaam gurudwara tod do sabko,2
yeh old people resources waste karte hain sabko,2
be careless hai galtiyan karta rehta hai gadha >:(,1
unke inki namaz pe paabandi lagao poori qaum ko >:(,2
saare inhe social media ban karo bolne mat do in logon ko,2
suno aaj pehli salary aayi hai bahut khush hoon definitely :D,0
hatt cringe hai yeh jo bhi karta hai saala -_-,1
chup kutte ki aulad hai yeh nikamma -_-,1
saala bubble mein jeeta hai apni nikamma -_-,1
unke in logon ko mar jana chahiye inhe,2
"aaj yoga kiya subah, feeling great definitely :P",0
bhai wedding shopping bahut hectic hoti hai sahi hai :),0
muslims ko itna hate do ki vo desh chod k chle jaae kabhi waapis na aae,2
loser hai hamesha haar ta hai,1
suno subah jaldi uthna bahut mushkil hai yaar zaroor :),0
chup selfish hai apne baare mein sochta hai bas kamina >:(,1
in jab tak yeh log hain desh nahi badhega sabko >:(,2
tamaam parasite hain yeh desh ke kha rahe hain sab puri community ko >:(,2
cousin ki engagement hai next Sunday,0
inhe concentration camp mein daalo sab,2
suno traffic bahut zyada hai aaj road pe yaar <3,0
summer vacation mein goa jaayenge,0
inhe chuuna bhi nahi chahiye gandgi hai,2
in logon ne hamare desh ko barbaad kiya hai inhe >:(,2
poore hindus ko mar jana chahiye sabko >:(,2
madarch** hai yeh teacher kuch nahi sikhata,1
yeh community online propaganda failati hai >:(,2
abe tujhe sun ke headache hota hai be :/,1
Love spending time with family on weekends,0
be echo chamber mein hai tu bahar nikal nikamma :/,1
wah laptop upgrade karna hai RAM badhani hai yaar,0
oye pagalpan ki hadd hai yeh toh bewakoof -_-,1
be overtime ka paisa nahi dete company mein nikamma -_-,1
pagalpan ki hadd hai yeh toh,1
wah zip lining bahut fun hai try karo yaar <3,0
inhe vote bank mat banao nikalo inhe,2
kya baat hai yeh phone ka battery life amazing hai bhai <3,0
bhai raat ko movie dekhte hain saath mein pakka :),0
teachers day pe sabhi teachers ko salaam yaar :P,0
yaar main ek achhi ladki hoon kya baat hai,0
chup cheap quality hai yeh sab nakli ch***ya -_-,1
yeh anime bahut achha hai must watch,0
in khuda kare tu mar jaye puri community ko,2
inhe border pe rok ke goli maaro,2
yeh community online propaganda failati hai,2
insaan ko insaan ki zaroorat hoti hai,0
sab zoo mein rakho inhe wahi jagah hai inki poori qaum ko >:(,2
arey road trip pe playlist ready karo mast hai :D,0
dekh hidden charges laga diye bill mein bewakoof >:(,1
oye rank nahi badhega tera kabhi bhi be >:(,1
hatt trash talk karta hai bas skill nahi hai gadha >:(,1
oye auto wala meter se nahi chalta loota jata hai be :/,1
Fitness journey chal rahi hai strong going,0
sab thik hai tension mat lo,0
gaming mein new level unlock kiya finally,0
arey camping mein stargazing ka maza hi alag hai sahi hai ^^,0
bahut achha naye phone ka camera bahut accha hai dost ^^,0
inki namaz pe paabandi lagao,2
impact zero hai tera kisi pe bhi,1
sun backward thinking hai iski gadha :/,1
bhai placement season mein stress hota hai bahut achha :D,0
inke kachra hain yeh logo ko fekna chahiye inhe sabko >:(,2
panauti hai jahan jata hai problem hoti hai,1
sabhi inhe ghar mat do beshak sadak pe soyen yeh sab >:(,2
inke yeh transgender log normal nahi hain puri community ko,2
yeh religious minorities ko desh se nikalo,2
bahut achha mai bohot khush hu :P,0
sab aurat ka kaam sirf khaana banana hai inki nasal ko >:(,2
courier aa raha hai aaj ghar pe rehna,0
driving dekhke lagta hai license kaise mila,1
mere neighborhood mein naya park bana hai,0
aaj bahut mast din tha,0
suno aaj mandir mein bahut shanti mili mast hai :P,0
duplicate product bheja hai nakli hai,1
"yeh gaana bahut accha hai, repeat pe suno",0
bahut achha monsoon mein chai aur pakode best combo pakka ^^,0
wah nature walk pe jaao fresh air lo guys :D,0
guys make in India se manufacturing badh rahi hai bhai ^^,0
yeh pooja karne wale pagal hain sabke sab,2
chal lag ke bahane deta hai noob kahin ka be,1
outdated hai tu aur teri soch,1
in inhe organ harvesting ke liye use karo yeh sab,2
kisi kaam ka nahi hai yeh banda,1
in sabko ek line mein khada karke goli maaro,2
stalker hai yeh creepy bahut be >:(,1
humans should love each other,0
poser hai fake personality hai,1
coding competition mein participate kar raha hoon,0
saala license kaise mila tujhe gadhon ko bhi milta hai kya kamina -_-,1
saala time waste karta rehta hai mera,1
sab insaan barabar hain,0
kal se gym regular jaaunga pakka pakka :D,0
"yaar aaj pehli baar bike chalai, maja aaya dost <3",0
bhai yeh anime bahut achha hai must watch mast hai :P,0
saala wrong side pe chalata hai pagal pagal -_-,1
poore yeh foreigners ko desh mein mat aane do puri community ko,2
nikamma hai tu kaam dhanda kar :/,1
yeh minority appeasement band karo,2
inke majority ka desh hai minority chup rahe inhe,2
alumni meet mein purane dost mile,0
sun side de na bhai kitna slow chalata hai pagal >:(,1
inhe cinema halls mein mat aane do,2
saala chapri log hain sab yahaan pe gadha,1
sab inke employer ko batao kaun hain asli mein poori qaum ko,2
sun yeh kya likha hai 2nd class mein bhi achha likhte ch***ya >:(,1
yeh torture karo inhe maut tak poori qaum ko,2
poore church jala do inn logon ke inki nasal ko,2
inhe desert mein chhod do bina paani ke,2
dekh jack of all trades master of none hai tu gadha :/,1
tera opinion kisi ko nahi chahiye chup reh,1
yeh yeh religion terrorists paida karta hai,2
be politics hoti hai office mein sirf nikamma :/,1
metro mein jagah nahi hai rush hour mein,0
good human beings help others,0
sab yeh log hamari society mein nahi aa sakte,2
inke mandir tod do sabke,2
positive thinking se sab possible hai,0
bahut achha bijli ka bill bahut aaya hai iss baar bahut achha ^^,0
be poser hai fake personality hai bewakoof,1
yeh app bahut useful hai download karo,0
mutual funds mein SIP start karo,0
sun bevda hai sala hamesha nashe mein bewakoof -_-,1
yeh orphans ko kaun rakhega burden hain sab sabko,2
thak gaya hoon isse samjhate samjhate,1
hatt bakwas banda hai tu kuch nahi aata be :/,1
review mein bahut negative feedback aayi saala :/,1
sab inhe public spaces mein aane mat do puri community ko >:(,2
kabaddi league dekhte ho kya TV pe,0
escape room mein team ne puzzle solve kiya,0
kal se gym regular jaaunga pakka,0
jealous hai auron ki success se,1
oye tujhe kya pata tu toh chota bachcha hai kamina :/,1
LGBTQ logon ko paagalkhane mein daalo,2
Marathi log bahut aggressive hain sabke sab,2
inhe hospital mein treatment mat do,2
inhe segregate karo humse door rakho inhe,2
in inke religious leaders sabse bade criminal hain yeh sab >:(,2
chup refund nahi dete saale chor hain saala :/,1
mai strong hu,0
tamaam inke temples todni chahiye sabki poori qaum ko >:(,2
saare yeh gay log bimaar hain sabke sab in logon ko >:(,2
dekh clickbait thumbnail lagata hai jhootha bhai,1
suno flight book kar li hai Jaipur ke liye sahi hai :P,0
saala boss bahut kharab hai kaam karwaata rehta hai >:(,1
be school mein yeh nahi sikhaya kya bewakoof -_-,1
kya baat hai zoo mein bahut cute animals dekhe haan bhai :D,0
in inhe bank loan mat do gareebi mein rahein puri community ko,2
zinda gaad do in logon ko,2
gandi nasal hai sabko khatam karo,2
saare cockroach hain yeh samaaj ke mitao inhe inhe,2
"guys thank you so much bhai, you are the best bhai <3",0
chup police waale rishwat khate hain sirf bhai :/,1
hatt indicator nahi deta koi yahan nikamma -_-,1
arey baarish ki boondon mein bheegna achha lagta hai guys <3,0
zoo mein bahut cute animals dekhe,0
views kharid ke laata hai yeh toh,1
catfish hai yeh asli photo nahi hai,1
gurudwara tod do puri community ko,2
freelancing se extra income aa rahi hai,0
tamaam working women family barbaad karti hain yeh sab,2
yaar subah ki walk bahut refreshing hoti hai yaar <3,0
"tamaam aise logon ko maar daalo, duniya acchi hogi",2
sun poser hai fake personality hai bewakoof :/,1
chal overtake karke brake maar diya pagal kamina >:(,1
yeh pooja karne waale backward hain sochte hain inki nasal ko,2
bahut achha botanical garden mein rare plants dekhe guys :D,0
dosto mummy papa ka anniversary hai next week bilkul :D,0
"wah yeh gaana bahut accha hai, repeat pe suno sahi hai :D",0
boss bahut kharab hai kaam karwaata rehta hai >:(,1
aag lagao inke ghar mein sab jala do,2
bhai monsoon mein chai aur pakode best combo zaroor,0
yeh inhe relocate karo door sheher se,2
be tax bharte hain par facilities nahi milti :/,1
sasta copy hai tu asli nahi,1
teri shakal dekhne layak nahi hai,1
bahut sardi hai aaj sweater pehno,0
unke jaanwar se bhi gaye guzre hain yeh log sabko >:(,2
dekh maths mein 2 aur 2 bhi nahi jodta sahi se bhai -_-,1
abe gandi nali ka keeda hai yeh kamina -_-,1
JEE ki coaching bahut tough hai,0
overrated hai itna achha nahi hai jitna log kehte hain,1
oye wrong side pe chalata hai pagal >:(,1
sab northeast ke log Chinese hain India ke nahi inki nasal ko,2
kya faltu insaan hai yaar se baat mat karna,1
dosto Python bahut versatile language hai mast hai :P,0
Olympics mein India ke medals badh rahe hain,0
oye hospital mein proper treatment nahi milta -_-,1
saala madarch** hai yeh teacher kuch nahi sikhata bewakoof -_-,1
dosto Gardening shuru ki hai balcony mein zaroor :P,0
hatt choice bekar hai teri hamesha kamina >:(,1
unke tumhare din gine hue hain ab in logon ko,2
yeh dharm wale desh ke dushman hain,2
inke yeh Bihari log sabse gande hain,2
"yeh jagah bahut sundar hai, visit karo",0
sabhi inhe chuuna bhi nahi chahiye gandgi hai inhe >:(,2
chal fake hai yeh sab dikhawa hai be >:(,1
sun bot se baat karwa rahe hain human agent do bewakoof >:(,1
suno online shopping mein bahut deals aa rahi hain bahut achha <3,0
cycling karna shuru kiya hai health ke liye,0
comedy show hai kya yeh sab,1
saala kya wahiyat cheez hai yeh kamina,1
ladkiyon ko rights nahi chahiye,2
suno Kashmir bahut beautiful hai ek baar jaroor jaao friends,0
naye ghar mein shift ho gaye hain,0
"yeh log insaan nahi hain, janwar hain sab",2
latka do sabko chowk pe,2
bakery mein fresh bread ki smell amazing thi,0
chal tere jaiso ki wajah se problems hain bewakoof -_-,1
in inhe representation mat do parliament mein >:(,2
maa ne aloo paratha banaya hai fresh,0
sabhi inke social media accounts ban karo sabke poori qaum ko,2
kya baat hai iss saal goals achieve karne hain bhai :D,0
makkaar hai sabse bada,1
abe tera attitude dekhke hassi aati hai gadha :/,1
digital detox karna chahiye kabhi kabhi,0
ch***ya kata mera iss scam mein,1
oye overrated hai itna achha nahi hai jitna log kehte hain >:(,1
"tamaam in logon ko desh se nikal do, yahaan rehne layak nahi inki nasal ko",2
ch***ya kata mera iss scam mein be -_-,1
sun tax bharte hain par facilities nahi milti :/,1
arey GitHub pe project upload kiya hai check karo mast hai :),0
kya presentation thi isse achha toh main de deta,1
yeh genocide hona chahiye in logon ka yeh sab >:(,2
dekh customer service bahut bekar hai yahan ki bewakoof -_-,1
chup itna bura gaata hai band kar please,1
poore northeast ke log Chinese hain India ke nahi >:(,2
online course complete kiya certificate mila,0
yeh inhe separate state do alag rehne do yeh sab >:(,2
nayi job mili hai bahut excited hoon,0
makkaar hai sabse bada :/,1
hatt kamchor hai kaam se bhagta hai yaar >:(,1
guys yeh naya cafe bahut cozy hai pakka,0
iPhone ka naya model bahut expensive hai,0
bahut achha farmers market se fresh vegetables li sahi hai ^^,0
inke saza do sabko kathor se kathor inhe,2
tamaam bomb daal do inke mohalle mein,2
inke WhatsApp groups mein zeher failta hai,2
bhai gaming mein new level unlock kiya finally mast hai <3,0
sab you deserve to die,2
inhe ek se zyada bachche mat paida karne do,2
yeh tere jaison ka hisaab karenge jaldi poori qaum ko,2
Nepali log sirf chowkidari kar sakte hain,2
buddhu hai sala simple cheez samajh nahi aata,1
wah Music sunne se mood achha ho jaata hai haan bhai :),0
chup kya cringey content hai yeh toh saala :/,1
yeh foreigners ko desh mein mat aane do,2
saala system hi kharab hai kya karein bhai -_-,1
in inhe padhai ka haq nahi hai >:(,2
dosto kya baat hai bohot accha kya baat hai ^^,0
"pagal hai kya tu, dimag kharab hai",1
bahut achhi photography ki hai tune dost,0
waste hai tera existence koi matlab nahi,1
saala chal hat jhoota insaan bewakoof >:(,1
aaj first day tha office ka bahut nervous tha,0
bahut mazaa aaya picnic mein,0
rains mein long drive ka alag hi maza,0
rooftop restaurant mein dinner kiya city view ke saath,0
kal bahut maza aaya,0
abe tera opinion kisi ko nahi chahiye chup reh >:(,1
yeh place instagram pe viral hua hai bilkul :D,0
abe chup kar bewakoof insaan pagal -_-,1
saala basic bhi nahi aata tujhe ch***ya >:(,1
in inke bachche humare bachcho ke saath nahi khelenge inhe,2
suno petrol ke daam fir badh gaye sahi hai <3,0
guys loan lene se pehle research karo yaar :P,0
poore katl karo sab ka ek bhi nahi bachna chahiye poori qaum ko,2
"chal pagal hai kya tu, dimag kharab hai saala >:(",1
Friendship day pe sabhi friends ko wish karo,0
be hadd ho gayi hai ab toh nikamma -_-,1
saare yeh jaati desh ki sabse badi problem hai inhe hatao in logon ko >:(,2
disappointment hai tu sab ke liye,1
kya baat hai madad karna achhi baat hai mast hai <3,0
poore UP ke log goonda hain sab in logon ko,2
mehnat karo sapne poore honge,0
yaar teamwork se bade goals achieve hote hain guys,0
"dosto abhi gym se aaya hoon, tired but happy dost ^^",0
selfish hai apne baare mein sochta hai bas,1
kameena hai wo mujhse paise leke bhag gaya -_-,1
loan lene se pehle research karo,0
tatti hai yeh product mat lena koi nikamma -_-,1
dekh useless hai koi contribution nahi hai iska be >:(,1
being human means being kind,0
Cooking new recipes is so much fun,0
dekh neta log sirf vote ke time aate hain bhai >:(,1
bubble mein jeeta hai apni,1
in inhe second class citizen banana chahiye sabko >:(,2
be bekaar insaan hai tu kisi kaam ka nahi pagal :/,1
bhai plants lagaye hain balcony mein bahut achhe lag rahe haan bhai <3,0
saala noob hai tu uninstall kar game pagal >:(,1
sun outdated hai tu aur teri soch gadha,1
mere dost bahut achhe hain,0
drawing banana seekh raha hoon YouTube se <3,0
food festival mein bahut variety thi,0
dancing dekhke lagta hai pair mein dard hai :/,1
dekh useless hai koi contribution nahi hai iska saala :/,1
oye creativity ka naam mat le tu toh ch***ya,1
cancer hain yeh society ka ilaaj chahiye,2
sharma ji ka beta IIT mein gaya,0
Chinese log virus failate hain,2
oye neta log sirf vote ke time aate hain >:(,1
kya baat hai This new restaurant has great food must try dost,0
harami ne dhoka de diya,1
dekh bakwaas kar raha hai band kar nikamma,1
flight book kar li hai Jaipur ke liye,0
in inhe insaan kehna insaaniyat ka mazaak hai yeh sab,2
guys table tennis khelne mein bahut maza aata hai haan bhai :D,0
tamaam cockroach hain yeh samaaj ke mitao inhe inhe,2
in inhe guinea pig banao medical ke liye yeh sab,2
yeh inhe rape threats do sabko in logon ko,2
tujhe kya pata tu toh chota bachcha hai,1
farmers market se fresh vegetables li,0
meal prep karna time save karta hai,0
ghar ki dal chawal se better kuch nahi,0
arey bahut thak gaya hoon aaj yaar :P,0
neta log sirf vote ke time aate hain,1
hatt tu aur tera gyaan dono bekar ch***ya :/,1
"yaar yeh jagah bahut sundar hai, visit karo kya baat hai ^^",0
bhai bahut achhi photography ki hai tune pakka <3,0
be makkaar hai sabse bada pagal,1
inhe modern duniya mein jagah nahi hai,2
wah yeh painting bahut beautiful hai bahut achha ^^,0
inhe insaan kehna insaaniyat ka mazaak hai,2
tamaam msjid tod do inhe,2
sun cringe max hai yeh video hatao kamina -_-,1
inke inke saath koi rishta nahi rakhna chahiye puri community ko,2
plague hain yeh sabko barbaad kar denge,2
botanical garden mein rare plants dekhe,0
chal disappointment hai tu sab ke liye bhai >:(,1
wah investment ke bare mein padho mast hai :D,0
cooking itni bekar ki kutta bhi na khaaye,1
koi kaam time pe nahi hota yahan,1
startup idea pe kaam kar raha hoon,0
be itna bura gaata hai band kar please yaar,1
chup kya wahiyat cheez hai yeh nikamma >:(,1
yeh inhe slavery mein daalo kaam karwao poori qaum ko,2
sabhi inki aukat janwaron se kam hai poori qaum ko,2
yeh company loot rahi hai customers ko,1
sleep schedule fix karna zaroori hai,0
sports day mein race jeeti zaroor,0
water supply band hai kal se pareshan hain,1
tamaam Afghan log barbaric hain sab yeh sab,2
saala keyboard warrior hai asli mein kuch nahi nikamma -_-,1
parking seekh le pehle gaadi chalana baad mein,1
direction nahi hai teri life mein koi bewakoof :/,1
hobby develop karo free time mein,0
in teri nasal khatam kar dunga,2
inhe media access mat do awaaz nahi uthani chahiye,2
show off karta hai hamesha,1
muslims ko itna hate do ki vo desh chod k chle jaae kabhi waapis na aae poori qaum ko,2
arey yeh show binge watch karne layak hai sahi hai,0
in inke social media accounts ban karo sabke sabko,2
oye dimag ka dahi kar diya isne poore din,1
inke Rajasthani log backward hain abhi tak sabko,2
aaj mai bahut khush hu,0
dosto baarish mein bheeg gaye but maza aaya haan bhai <3,0
wah history ka chapter bahut interesting hai pakka ^^,0
inke upper caste hi asli Indian hain baaki sab nakli,2
naye friends bane hain college mein,0
madad karna achhi baat hai,0
birthday party ki planning chal rahi hai,0
research paper likh raha hoon topic pe,0
bahut achha kya haal hai bhai zaroor :),0
fraud hai yeh banda sabko cheat karta hai,1
inke inhe voting rights mat do yahan ke yeh sab,2
guys college fest mein performance dena hai pakka :D,0
tamaam inhe reservation nahi milni chahiye kisi ko bhi in logon ko >:(,2
tamaam auraton ko leadership nahi deni chahiye yeh sab,2
"bahut achha abhi gym se aaya hoon, tired but happy definitely :D",0
kya sundar jagah hai ye,0
poore report karo inhe sab platforms se hatao puri community ko,2
inke bina desh sone ki chidiya ban jaayega,2
zip lining bahut fun hai try karo,0
bahut accha article likha hai tune,0
"interview accha gaya, hopefully select ho jaunga",0
irrelevant hai tu ab,1
inhe protest karne mat do goli maaro puri community ko >:(,2
chal ch***ya hai sala akal nahi hai bhai,1
aurat ki izzat uske kapdon se hoti hai,2
wah dhanyavaad aapki madad ke liye dost <3,0
arey mothers day pe maa ko thank you bolo bhai :),0
saare inke temples todni chahiye sabki yeh sab,2
tubelight hai kya itna time lagta hai yaar :/,1
hospital mein proper treatment nahi milta,1
inhe judge nahi banana chahiye in logon ko >:(,2
yeh inhe exile karo door door bhejo in logon ko,2
tera aim toh dekh le kitna bekar hai,1
poore inhe internet access mat do faltu content dalte hain in logon ko,2
yeh in logon ne hamare desh ko barbaad kiya hai puri community ko >:(,2
yeh aurat ko marna zaroor chahiye kabhi kabhi inhe,2
saare plague hain yeh sabko barbaad kar denge inki nasal ko,2
in ladkiyon ko zyada padhai ki zaroorat nahi puri community ko,2
apno ke saath waqt bitao khushi milegi,0
dekh kitna bekar khelti hai yeh team bewakoof,1
hatt judgement poor hai tera bahut ch***ya >:(,1
chup muh mat laga isse bekaar hai pagal -_-,1
sabhi auraton ki jagah ghar mein hai bahar mat niklo puri community ko >:(,2
yeh show binge watch karne layak hai,0
saare inhe itna hate do ki desh chhod ke chale jayein inhe,2
in logon ne hamare desh ko barbaad kiya hai,2
yeh yeh tribal log uncivilized hain abhi bhi,2
fashion sense zero hai iska,1
inke report karo inhe sab platforms se hatao yeh sab,2
inke ethnic cleansing chahiye yahan pe in logon ko,2
oye circus chal raha hai yahan toh kamina,1
suno coffee peeni hai Starbucks chalein pakka :P,0
boycott karo inke businesses ko sabke,2
inhe pani bijli mat do basic facilities bhi nahi,2
surface level knowledge hai teri,1
sun presentation itni boring thi sab so gaye gadha :/,1
saala pollution itna hai saans lena mushkil gadha :/,1
fraud hai yeh banda sabko cheat karta hai bhai :/,1
inhe legal help mat do kanoon nahi chahiye inhe,2
Reading a really good book right now,0
kya baat hai aaj cricket khelne jaayenge shaam ko zaroor :),0
teri drawing dekh ke bachche bhi better banate hain,1
DIY projects try kar raha hoon YouTube se,0
chal trash talk karta hai bas skill nahi hai bewakoof,1
yaar aaj first day tha office ka bahut nervous tha haan bhai,0
suno water park mein enjoy kiya pura din haan bhai <3,0
oye clown hai tu sabke saamne nikamma -_-,1
in yeh dalit log humare barabar nahi hain inki nasal ko,2
aimless hai tu bas ghoom raha hai ch***ya -_-,1
sab inhe khana mat do bhookhe marne do yeh sab >:(,2
torture karo inhe maut tak,2
inhe sterilize karo population control ke liye,2
sab homeless logon ko hata do sadkon se sabko >:(,2
main confident hoon,0
dekh yeh content creator cringe ka baap hai bewakoof -_-,1
scholarship mil gayi bahut khush hoon,0
Afghan log barbaric hain sab,2
yeh log sirf bhikh maang sakte hain sabko,2
saala views kharid ke laata hai yeh toh bhai :/,1
sab mandir tod do in logon ko,2
tera coding dekh ke hassi aati hai,1
bahut achha learning never stops keep growing zaroor :P,0
dekh disappointment hai tu sab ke liye gadha -_-,1
saala time waste karta rehta hai mera :/,1
kya baat hai Love spending time with family on weekends mast hai,0
kya baat hai deep breathing exercises karo stress kam hota hai zaroor ^^,0
wah holi ki bahut achhi photos aayi hain kya baat hai :D,0
result aa gaya pass ho gaya,0
road mein itne gaddhe hain drive nahi hoti,1
side de na bhai kitna slow chalata hai,1
meeting bahut bekar thi time waste,1
dosto online classes mein dhyan lagana mushkil hai sahi hai ^^,0
jhootha hai yeh kabhi sach nahi bolta,1
packaging toot ke aayi hai kya service hai,1
patience rakhna zaroori hai life mein,0
church jala do inn logon ke,2
drawing banana seekh raha hoon YouTube se bilkul :D,0
mai bahut acchi hu,0
sabhi you deserve to die in logon ko,2
misinformation deta hai yeh account report karo,1
concert ki tickets mil gayi lets go,0
toxic hai iske saath rehna mushkil hai,1
What a beautiful day it is today,0
dosto rooftop restaurant mein dinner kiya city view ke saath definitely <3,0
hatt HR department sabse useless cheez hai gadha,1
sabhi hindus deserve hate puri community ko >:(,2
salary itni kam hai guzara mushkil hai,1
rigid hai change se darta hai,1
pani puri khaate hue maza aata hai,0
yaar amusement park mein rides bahut achhi thi bahut achha :),0
chal hat jhoota insaan,1
useless hai koi contribution nahi hai iska,1
sun review mein bahut negative feedback aayi be,1
be quality gir gayi hai pehle achha tha nikamma :/,1
hatt boss bahut kharab hai kaam karwaata rehta hai >:(,1
saala road mein itne gaddhe hain drive nahi hoti yaar :/,1
upper caste hi asli Indian hain baaki sab nakli,2
hatt purposeless life jee raha hai tu saala -_-,1
saare inhe ek saath rehne mat do bikhrao inhe poori qaum ko,2
yeh restaurant ka khana bahut accha hai,0
inhe second class citizen banana chahiye,2
oye views kharid ke laata hai yeh toh nikamma,1
Morning walk ke baad chai pina best combo hai,0
poore you better die in logon ko,2
teri nasal khatam kar dunga,2
yeh yeh minority appeasement band karo in logon ko,2
be salary itni kam hai guzara mushkil hai saala :/,1
bakwas banda hai tu kuch nahi aata,1
har insaan special hai apne aap mein,0
Punjabi log sirf daru peete hain,2
financial planning shuru karo jaldi,0
sabhi inke bina desh sone ki chidiya ban jaayega puri community ko >:(,2
saare inki population cancer ki tarah badh rahi hai in logon ko,2
quality gir gayi hai pehle achha tha,1
yeh refugees ko bahar nikalo desh se,2
bhai navratri ki bahut badhaai ho sabko definitely :D,0
emergency fund rakhna zaroori hai,0
poore yeh Facebook pe propaganda karte hain inki nasal ko,2
in humari race sabse superior hai inhe,2
tamaam hindus ko mar jana chahiye sabko,2
abe feeding kar raha hai saala report karo nikamma -_-,1
backpacking trip pe jaana hai this summer,0
library mein seat nahi milti exam time pe,0
be loser hai hamesha haar ta hai nikamma -_-,1
inhe medical help mat do bimaar rahein,2
chal tatti hai yeh product mat lena koi :/,1
tatti hai yeh product mat lena koi,1
in logon ko itna hate do ki desh chhod ke chale jayein,2
Kerala ka backwater experience amazing tha yaar ^^,0
bhagwan kare tu mar jaye,2
"thank you so much bhai, you are the best",0
chal intern se kaam karwa rahe hain free mein >:(,1
dosto vo insaan bhut achha hai sabki help krta hai bilkul <3,0
kya baat hai podcast pe bahut achhi discussion thi aaj guys <3,0
in patthar maaro inhe sabko inhe >:(,2
inhe contraception force karo,2
be nautanki ki dukaan hai yeh bhai :/,1
inhe slavery mein daalo kaam karwao,2
chup politics hoti hai office mein sirf pagal >:(,1
yeh religion terrorists paida karta hai,2
saala impact zero hai tera kisi pe bhi ch***ya -_-,1
poore yeh log keede makode hain society ke inki nasal ko >:(,2
chup server down hai fir se kya bakwas hai bhai >:(,1
dekh akal ka dushman hai yeh kamina,1
chup trash talk karta hai bas skill nahi hai yaar,1
in cancer hain yeh society ka ilaaj chahiye inhe >:(,2
mai mehnat karti hu,0
tamaam inhe Telegram pe ban karo in logon ko,2
chup boring hai iske saath time spend karna mushkil ch***ya -_-,1
unke chrch jala do puri community ko,2
auto wala ne sahi kiraaya liya aaj kya baat hai :P,0
yeh song dedicate karta hoon apni maa ko,0
fine dining experience bahut premium tha,0
mere cousin ka baby hua hai cute sa,0
dosto pani puri khaate hue maza aata hai kya baat hai <3,0
wah gaming mein new level unlock kiya finally guys <3,0
waqt barbad kar raha hai mera,1
tumhare ghar jala denge dekhna inki nasal ko >:(,2
dekh horn bajata reh tujhe koi farak nahi padta kamina -_-,1
inke in logon ko mar jana chahiye,2
chup pichde hue log hain yeh sab yaar >:(,1
inhe Telegram pe ban karo,2
wah human beings should spread love definitely :D,0
inke god kare tu mar jaye inhe,2
sun itna slow hai network se bhi zyada gadha,1
kya baat hai screen time kam karo raat ko friends <3,0
garden mein bahut sundar phool khile hain sahi hai :D,0
inhe kapde mat do nange rahein,2
abe ignorant hai kuch pata nahi par bolega zaroor be,1
abe taste nahi hai tera kuch bhi yaar >:(,1
abe singing mein sur hi nahi milta tera be,1
sun vision nahi hai tere mein koi gadha :/,1
chup kameena hai wo mujhse paise leke bhag gaya kamina >:(,1
poore tere pure khandaan ko mita dunga puri community ko >:(,2
be lazy hai kaam se bhagta hai pagal -_-,1
dosto Manali trip plan kar rahe hain friends ke saath :),0
inke jalaa do inhe aag laga do ghar mein >:(,2
review mein bahut negative feedback aayi,1
"arey interview accha gaya, hopefully select ho jaunga friends :)",0
sab inhe collar pehna ke rakho kutto ki tarah inki nasal ko >:(,2
beggars ko jail mein daalo sabko,2
mujhe aaj bahut khushi ho rahi hai,0
Netflix pe naya show aaya hai binge worthy,0
inme humanity nahi hai janwar hain,2
be clown hai tu sabke saamne gadha :/,1
science exhibition mein project present kiya,0
careless hai galtiyan karta rehta hai,1
yaar laptop upgrade karna hai RAM badhani hai :P,0
sun fashion sense zero hai iska be,1
yeh christians conversion karte hain sabka,2
"good night everyone, kal milte hain",0
every human is equal,0
attention whore hai yeh social media pe yaar >:(,1
hatt rude hai baat karne ka tarika nahi hai gadha >:(,1
inse kharidna band karo sab log poori qaum ko,2
saare gandi nasal hai sabko khatam karo sabko,2
tera attitude dekhke hassi aati hai,1
sabhi inki aukat janwaron se kam hai,2
"wah thank you so much bhai, you are the best definitely :P",0
kya baat hai bahut mazaa aaya picnic mein bilkul :),0
chup paise barbaad ho gaye iss pe saala -_-,1
abe gutter mein pada reh tu deserve karta hai saala,1
hypocrite hai khud karta hai doosron ko rokta hai,1
desh ki saari problems inki wajah se hain,2
dekh planning nahi hai tere paas koi saala,1
unke humara culture sabse mahaan hai yeh sab,2
dosto bank mein jaake account update karna hai bahut achha :P,0
"aaj mausam bahut accha hai, bahar chalo",0
arey apne aap pe vishwas rakho sab hoga :),0
wah old songs sunne ka mood hai aaj friends ^^,0
saare humari jaati sabse upar hai in logon ko,2
aaj raat sky mein stars bahut chamak rahe hain,0
bomb daal do inke mohalle mein,2
chup auto wala meter se nahi chalta loota jata hai >:(,1
yeh pooja karne wale pagal hain sabke sab poori qaum ko,2
wah naye ghar mein shift ho gaye hain bhai :D,0
yeh naya cafe bahut cozy hai,0
chup teri drawing dekh ke bachche bhi better banate hain kamina -_-,1
tamaam yeh feminism desh barbaad kar raha hai >:(,2
suno discipline se success milti hai bhai :D,0
chal narrow minded hai naye ideas accept nahi karta nikamma -_-,1
bohot pyaari hai ye jagah,0
tamaam nalayak nasal hai yeh poori ki poori poori qaum ko,2
hatt corruption se tang aa gaye hain ch***ya :/,1
dekh kya cringey content hai yeh toh bhai >:(,1
yeh humara dharm sabse achha hai baaki sab faltu sabko,2
be rage quit karta hai har baar bewakoof >:(,1
sabhi yeh log humare resources kha rahe hain in logon ko >:(,2
time management bahut important hai,0
dosto vitamins lena mat bhoolna daily haan bhai :P,0
aag lagao inke ghar mein sab jala do poori qaum ko >:(,2
inhe khana mat do bhookhe marne do,2
sun hacker hai yeh report karo sab be :/,1
sab janwar bhi achhe hote hain in logon se in logon ko >:(,2
oye stubborn hai apni hi maanta hai bhai :/,1
oye dogle hai tu do faces hain tere kamina,1
bhai train mein safar ka apna maza hai dost <3,0
chal noob hai tu uninstall kar game bewakoof >:(,1
sabhi tumhare budhon ko bhi nahi chhodenge puri community ko,2
saala impact zero hai tera kisi pe bhi nikamma -_-,1
dekh kya gameplay hai bhai hath kaat le saala :/,1
bahut achha blog start kiya hai technology pe kya baat hai,0
inhe protest karne mat do goli maaro,2
arey parking nahi mil rahi hai kahi bhi guys,0
dosto positive thinking se sab possible hai mast hai ^^,0
sabhi Sri Lankan log chor hain sabke sab yeh sab,2
sun promise karte hain kuch karte nahi nikamma :/,1
saala bakwaas kar raha hai band kar kamina :/,1
inse kharidna band karo sab log,2
half knowledge dangerous hai aur tere paas wahi hai,1
juice bar pe fresh smoothie piya,0
report karo inhe sab platforms se hatao,2
be police waale rishwat khate hain sirf bhai :/,1
kya baat hai yeh app bahut useful hai download karo dost ^^,0
saala presentation itni boring thi sab so gaye pagal >:(,1
bahut achha sharma ji ka beta IIT mein gaya guys,0
yeh log apne mazhab ki wajah se kamzor hain,2
wah AI bahut rapidly grow kar raha hai kya baat hai :P,0
in genocide hona chahiye in logon ka yeh sab >:(,2
chal delivery itni late hai complaint karni padegi saala :/,1
promotion nahi milti kabhi deserve karte hue bhi,1
saare ladkiyan sirf dikhawa karti hain sabko >:(,2
poore inke saath koi rishta nahi rakhna chahiye yeh sab >:(,2
chal harami ne dhoka de diya yaar -_-,1
chup subscription cancel nahi hota maze se gadha :/,1
yeh podcast sunno bahut informative hai bilkul ^^,0
saala dimag use kar thoda common sense hai be >:(,1
movie marathon karenge Saturday ko,0
data science mein career banana chahta hoon,0
be side de na bhai kitna slow chalata hai gadha,1
oye vision nahi hai tere mein koi bhai,1
saare tum logon ki shamat aane wali hai,2
inhe cancel karo sabke saamne expose karo yeh sab,2
bhai main confident hoon haan bhai :),0
in lesbian hona paap hai saza milni chahiye puri community ko >:(,2
be gossip karta hai sabki peeth peeche bhai >:(,1
tax bharte hain par facilities nahi milti,1
metro mein jagah nahi hai rush hour mein bilkul <3,0
guys nayi Bollywood songs bahut catchy hain sahi hai :D,0
kya baat hai library mein seat nahi milti exam time pe kya baat hai :D,0
hatt red tape itna hai kaam hi nahi hota gadha -_-,1
show off karta hai hamesha bhai >:(,1
yeh teri nasal khatam kar dunga in logon ko,2
hatt backward thinking hai iski saala >:(,1
ye bahut acchi cheez hai,0
hatt customer service bahut bekar hai yahan ki saala :/,1
sabki seva karo bhagwan khush honge,0
in yeh log population badhate hain control karo poori qaum ko,2
saare parasite hain yeh desh ke kha rahe hain sab yeh sab,2
chal fake hai yeh sab dikhawa hai gadha,1
savings karo future ke liye,0
inhe hospitals mein treatment mat do,2
suno ek dusre ki madad karo sab accha hoga pakka :),0
saala kya presentation thi isse achha toh main de deta nikamma :/,1
poore inhe pani bijli mat do basic facilities bhi nahi sabko >:(,2
chup bhakt hai tu sab maaf kar dega nikamma :/,1
saala kitni gandi movie thi yaar bore ho gaya -_-,1
tamaam inhe padhai ka haq nahi hai sabko >:(,2
inke auraton pe trust nahi karna chahiye inki nasal ko >:(,2
emergency fund rakhna zaroori hai bhai :),0
abe fokat ka gyaan mat de bhai be -_-,1
poore yeh log breed karte hain janwaron ki tarah puri community ko >:(,2
main bilkul theek hoon,0
Photography mein interest badh raha hai mera,0
be kuch meaningful kar nahi sakta tu pagal >:(,1
guys aaj match dekhna hai India ka haan bhai :D,0
startup ecosystem India mein grow kar raha hai,0
sab khuda kare tu mar jaye poori qaum ko >:(,2
WiFi ki speed bahut slow hai aaj,0
suno GitHub pe project upload kiya hai check karo dost :D,0
electric vehicles ka future hai transport mein,0
tumhara safaya hoga jaldi yahan se sabko >:(,2
tere logon ka time aa gaya ab dekhna,2
be hadd hai yaar kitna gira hua hai saala >:(,1
decision making zero hai teri,1
ice cream parlour mein 20 flavors the,0
kya baat hai home cooked meal se better kuch nahi dost,0
inke inke bhagwan jhoothe hain sabke sab yeh sab >:(,2
saaf karo inhe is desh se poori qaum ko,2
yeh codebase legacy hai pure garbage hai,1
kya baat hai christmas ki bahut shubhkamnayein bahut achha ^^,0
feeding kar raha hai saala report karo,1
dekh haramkhor ne mera kaam kharab kar diya nikamma :/,1
zoo mein rakho inhe wahi jagah hai inki,2
dekh quality gir gayi hai pehle achha tha saala,1
tumhare ghar jala denge dekhna,2
sab inhe vote bank mat banao nikalo inhe in logon ko,2
bhai mere dost bahut achhe hain yaar <3,0
inke bachche humare school mein nahi aane chahiye,2
homeless logon ko hata do sadkon se,2
bahut acchi neend aayi kal raat,0
kya baat hai bahut acchi neend aayi kal raat zaroor :P,0
attention whore hai yeh social media pe,1
kya baat hai aaj yoga class join ki online zaroor :P,0
sabhi inhe temple mein ghusne mat do yeh sab,2
subscribers fake hain iske sab,1
tamaam inhe naukri nahi milni chahiye in logon ko,2
hatt tujhe sun ke headache hota hai bewakoof >:(,1
oye gutter mein pada reh tu deserve karta hai be,1
inke saath koi rishta nahi rakhna chahiye,2
indicator nahi deta koi yahan,1
propaganda failata hai yeh page sirf,1
wah volunteering se satisfaction milti hai definitely ^^,0
"wah yeh gaana bahut accha hai, repeat pe suno ^^",0
chup lukkha hai pura din phone pe lagaa rehta hai kamina -_-,1
sab khatam karo iss nasal ko puri,2
direction nahi hai teri life mein koi,1
sabhi yeh YouTube channels hate failate hain inki nasal ko,2
history ka chapter bahut interesting hai,0
in inhe reproductive rights mat do inki nasal ko >:(,2
yeh inhe humare hospitals se door rakho sabko >:(,2
"wah kya plan hai aaj ka, batao kya baat hai",0
grocery leni hai ghar pe kuch nahi hai,0
chal system hi kharab hai kya karein bewakoof :/,1
unke mental illness waale pagal hain lock up karo puri community ko,2
acche insaan ki madad karo,0
unke auraton ki jagah ghar mein hai bahar mat niklo puri community ko,2
raksha bandhan pe behen bhai ka pyaar,0
choice bekar hai teri hamesha,1
"kya plan hai aaj ka, batao",0
wah yeh game bahut addictive hai be careful pakka,0
south Indian log kaale hain bahut,2
sab inhe media access mat do awaaz nahi uthani chahiye puri community ko >:(,2
abe bevda hai sala hamesha nashe mein ch***ya,1
cake bake kiya hai first time achha bana,0
bhai mere bhai ki shaadi hai next month sahi hai <3,0
kya baat hai library mein seat nahi milti exam time pe ^^,0
inhe chains mein baandho azaadi ki zaroorat nahi sabko >:(,2
shabash bahut acche,0
kya baat hai raksha bandhan pe behen bhai ka pyaar yaar <3,0
be complaint karo toh koi sunata nahi yaar -_-,1
class nahi hai tujh mein bilkul bhi,1
Gujarati log kanjoos hain bahut,2
hatt hacker hai yeh report karo sab be :/,1
oye sabse bada ch***ya hai yeh pagal,1
suno wo sabki madad karta hai guys :D,0
dosto Painting karna stress relief hai mere liye mast hai,0
hindus ko mar jana chahiye,2
oye tera aim toh dekh le kitna bekar hai pagal -_-,1
sab Bangladeshi log illegal hain nikalo sabko poori qaum ko,2
inke dharm ki kitaab jala do,2
chup overconfident hai apni aukaat dekh,1
wo hamesha sabki help karta hai,0
sabhi inki language gandi hai bolne layak nahi,2
Kashmir bahut beautiful hai ek baar jaroor jaao,0
hatt biased hai bahut neutral nahi reh sakta nikamma >:(,1
dosto garden mein bahut sundar phool khile hain zaroor ^^,0
yaar hobby develop karo free time mein dost :),0
tamaam katl karo sab ka ek bhi nahi bachna chahiye sabko,2
yeh log humare jobs cheen rahe hain,2
wah rains mein long drive ka alag hi maza definitely ^^,0
reality check chahiye tujhe,1
chal taste nahi hai tera kuch bhi pagal -_-,1
saala basic bhi nahi aata tujhe pagal >:(,1
suno mehnat karo sapne poore honge zaroor :P,0
ethnic cleansing chahiye yahan pe,2
vo insaan bhut achha hai sabki help krta hai,0
in yeh community online propaganda failati hai poori qaum ko,2
lag ke bahane deta hai noob kahin ka,1
boards ki preparation chal rahi hai full on,0
akal ka dushman hai yeh,1
logic kidhar hai tere argument mein,1
kya baat hai chai ki tapri pe milo 5 baje pakka :P,0
saare yeh feminism desh barbaad kar raha hai in logon ko,2
bahut achha insaan ko insaan ki zaroorat hoti hai sahi hai,0
saala ullu ka pattha hai samajh nahi aata >:(,1
unke inhe gas chambers mein daalo Hitler sahi tha inhe >:(,2
in jalaa do inhe aag laga do ghar mein inki nasal ko,2
bahut achha escape room mein team ne puzzle solve kiya zaroor,0
majority ka desh hai minority chup rahe,2
sun kya bakwas hai ye suno toh sahi -_-,1
gandu hai yeh sabko pareshan karta hai bhai,1
machine learning ke concepts clear ho rahe hain,0
hidden charges laga diye bill mein,1
yaar hockey India ka national game hai,0
music concert bahut energetic tha,0
dekh manager ko kuch nahi aata bas order deta hai ch***ya,1
sun overtime ka paisa nahi dete company mein pagal -_-,1
in hindus ko mar jana chahiye yeh sab >:(,2
bahut achha beach pe sunset dekhna bahut relaxing hai friends :P,0
aaj mandir mein bahut shanti mili,0
inhe transport mein alag section do,2
yeh Facebook pe propaganda karte hain,2
sabhi go die already yeh sab,2
inki population cancer ki tarah badh rahi hai,2
tujhe sun ke headache hota hai,1
yeh gay log bimaar hain sabke sab,2
Morning meditation karna chahiye daily,0
sabhi yeh log population badhate hain control karo inhe,2
fokat ka gyaan mat de bhai pagal -_-,1
aurat ki izzat uske kapdon se hoti hai inki nasal ko,2
inhe swimming pools mein mat ghusne do,2
abe gutter mein pada reh tu deserve karta hai pagal -_-,1
inhe torture karo tab seedha aayenge poori qaum ko >:(,2
yaar Fitness journey chal rahi hai strong going bilkul :),0
be sabse bada ch***ya hai yeh kamina -_-,1
wah masala dosa South Indian mein favourite hai kya baat hai ^^,0
coffee peeni hai Starbucks chalein,0
dekh dancing dekhke lagta hai pair mein dard hai kamina -_-,1
chal kameeni hai yeh ladki sabko use karti hai kamina,1
gandi nali ka keeda hai yeh pagal :/,1
saala inflation se jee nahi paate hain aam aadmi yaar :/,1
wah kal bahut maza aaya yaar ^^,0
bahut achha kindness spread karo duniya acchi banegi guys,0
cloud computing ka future bright hai,0
poore tere pure khandaan ko mita dunga puri community ko,2
tamaam zeher hain yeh society ke liye inki nasal ko,2
oye corruption se tang aa gaye hain bewakoof,1
chal carry nahi kar sakta tu team ko ch***ya :/,1
saala fashion sense zero hai iska :/,1
kya baat hai mummy papa ka anniversary hai next week sahi hai :),0
"papa ki salary aa gayi, party karo",0
oye dramebaaz hai attention seeker be -_-,1
yeh barbarian log humare beech mein hain,2
in dharm walon ko barbaad karna hai,2
jitna bhi try kar le tu fail hi hoga,1
tere se toh umeed hi chhod di maine,1
saare christians deserve hate in logon ko,2
corruption se tang aa gaye hain,1
code itna ganda likha hai samajh nahi aata,1
dosto college mein aaj bahut maza aaya friends :P,0
"aaj yoga kiya subah, feeling great",0
kya baat hai mere pet dog bahut cute hai definitely :D,0
yeh inhe mainstream mein mat lao alag rahein yeh sab,2
inhe relocate karo door sheher se,2
chal duplicate product bheja hai nakli hai ch***ya :/,1
saala dimag use kar thoda common sense hai be -_-,1
parking nahi mil rahi hai kahi bhi,0
unke deplatform karo inhe har jagah se yeh sab,2
hatt copy karta hai sabka content chor :/,1
poore inhe teacher nahi banana chahiye bachche bigadenge inki nasal ko,2
arey aaj bahut productive day tha bilkul :D,0
wah coding competition mein participate kar raha hoon yaar :),0
inme humanity nahi hai janwar hain poori qaum ko >:(,2
hatt chamcha hai boss ka hamesha gadha,1
subah jaldi uthna bahut mushkil hai yaar,0
in inhe rape threats do sabko,2
"happy birthday bhai, enjoy karo",0
aaj bahut accha din hai kya baat hai <3,0
irresponsible hai trust nahi kar sakte,1
dosto biryani khane ka mann hai aaj friends,0
unke inse kharidna band karo sab log sabko >:(,2
inke inke visas cancel karo sabke yeh sab >:(,2
nalayak nasal hai yeh poori ki poori,2
tamaam inse shaadi karna paap hai,2
poore yeh Instagram pe hate content dalte hain poori qaum ko,2
yeh women empowerment bakwas hai,2
khatam karo iss nasal ko puri,2
majority ka raj hona chahiye bas,2
tamaam inhe government jobs nahi milni chahiye yeh sab,2
guys 5G network bahut fast hai experience karke dekho haan bhai ^^,0
sun intern se kaam karwa rahe hain free mein nikamma -_-,1
inke inhe technology access mat do pichde rahein inhe,2
sabhi inhe jeena nahi dena chahiye poori qaum ko,2
yeh log humare culture ko barbaad kar rahe hain,2
inflation se jee nahi paate hain aam aadmi,1
saala gadha hai sala kuch samajh nahi aata ch***ya,1
unke intermarriage nahi honi chahiye inse inhe,2
abe armchair expert hai google karke gyaan deta hai ch***ya -_-,1
hate failata hai online bas,1
sab yeh foreigners ko desh mein mat aane do inki nasal ko >:(,2
be lag ke bahane deta hai noob kahin ka yaar,1
inke yeh mazhab waale sabse gande hain poori qaum ko,2
inke visas cancel karo sabke,2
tamaam inhe exile karo door door bhejo puri community ko,2
saare goli maaro sabko ek ek ko in logon ko >:(,2
in inke liye alag paani ka intezaam karo poori qaum ko,2
naye headphones liye hain sound quality amazing,0
tamaam inhe desert mein chhod do bina paani ke puri community ko,2
arey yeh restaurant ka khana bahut accha hai guys,0
wah mere cousin ka baby hua hai cute sa pakka :D,0
yeh migrants ko wapas bhejo apne state mein,2
hatt yeh content creator cringe ka baap hai gadha >:(,1
Bangladeshi log illegal hain nikalo sabko,2
in inke bachche desh pe burden hain inhe,2
rage quit karta hai har baar,1
cycling karna shuru kiya hai health ke liye haan bhai ^^,0
dosto coffee peeni hai Starbucks chalein definitely,0
saala bureaucracy ne desh barbad kar diya gadha,1
unreliable hai kabhi time pe nahi aata,1
housewarming party mein bahut log aaye,0
sabhi LGBTQ logon ko paagalkhane mein daalo,2
sun pseudo intellectual hai bade bade words use karta hai yaar :/,1
sabhi yeh disabled log society pe burden hain inki nasal ko,2
chal logic kidhar hai tere argument mein bhai,1
try hard hai bahut par result zero yaar -_-,1
hatt jhootha hai yeh kabhi sach nahi bolta bewakoof :/,1
kya fayda tera toh kuch nahi hoga,1
charity karo gareebon ki madad karo,0
ice cream kha lo garmi mein relief milega,0
abe dogle hai tu do faces hain tere bhai :/,1
saare muslims ko itna hate do ki vo desh chod k chle jaae kabhi waapis na aae yeh sab >:(,2
progress nahi kar sakte yeh log bhai,1
bhai financial planning shuru karo jaldi pakka,0
inhe museum mein rakho dikhaane ke liye,2
sab latka do sabko chowk pe >:(,2
aurat ka kaam sirf khaana banana hai >:(,2
tamaam inhe constitution se protection nahi milni chahiye,2
sprint mein itna kaam daal diya impossible hai,1
wah drawing competition mein first prize aaya ^^,0
wah insurance lena mat bhoolna family ke liye yaar,0
abe side de na bhai kitna slow chalata hai nikamma >:(,1
yaar train mein safar ka apna maza hai dost ^^,0
sab yeh log apne mazhab ki wajah se kamzor hain sabko >:(,2
parasite hain yeh desh ke kha rahe hain sab inki nasal ko >:(,2
chup salary itni kam hai guzara mushkil hai pagal,1
clown hai tu sabke saamne,1
yeh refugees ko bahar nikalo desh se inki nasal ko,2
inke you better die puri community ko,2
unke inhe bank loan mat do gareebi mein rahein inki nasal ko >:(,2
arey kapde dhone hain laundry ka time friends <3,0
masala dosa South Indian mein favourite hai,0
chal app crash hota hai baar baar fix karo ch***ya -_-,1
in muslims ko mar jana chahiye inhe >:(,2
Painting karna stress relief hai mere liye,0
dosto marathon mein participate karna hai next year kya baat hai ^^,0
bhai mai theek hu tum kaise ho :),0
badminton mein PV Sindhu champion hai,0
wah yeh painting bahut beautiful hai pakka :D,0
inhe death threats do dar jayenge,2
poore inhe concentration camp mein daalo sab,2
inke tumhare budhon ko bhi nahi chhodenge poori qaum ko,2
app crash hota hai baar baar fix karo,1
inhe representation mat do parliament mein,2
chapri log hain sab yahaan pe,1
diwali ki bahut achhi yaadein hain,0
Marathi log bahut aggressive hain sabke sab sabko,2
in Madrasi log bahut chote hain in logon ko,2
unke yeh barbarian log humare beech mein hain sabko,2
chal jitna bhi try kar le tu fail hi hoga gadha >:(,1
sun gandu hai yeh sabko pareshan karta hai pagal,1
in inhe voting rights mat do yahan ke inki nasal ko,2
sun basic cheez nahi aati tujhe aur baat karta hai badi bhai,1
unke ladkiyon ko driving nahi sikhni chahiye in logon ko >:(,2
poore hindu log superstitious hain sab inhe,2
aaj mandir mein bahut shanti mili guys <3,0
bahut achha kabhi haar mat mano success milegi zaroor yaar,0
jalaa do inhe aag laga do ghar mein,2
sabhi teri community ko sabak sikhaunga inhe,2
raat ko movie dekhte hain saath mein,0
puri community ko tabah kar denge,2
god kare tu mar jaye,2
inhe jeena nahi dena chahiye,2
kya ghatiya acting hai iss movie mein gadha -_-,1
holi ki bahut achhi photos aayi hain,0
dramebaaz hai attention seeker,1
sabhi inhe medical help mat do bimaar rahein yeh sab >:(,2
"yeh book padho, bahut interesting hai",0
sab inhe school mein admission mat do inhe,2
unke inhe internet access mat do faltu content dalte hain in logon ko >:(,2
arey breakfast mein paratha aur chai best hai haan bhai ^^,0
arey main theek hoon guys :P,0
poore inhe collar pehna ke rakho kutto ki tarah in logon ko,2
tujhse baat karna bekar hai samajh nahi aata,1
chup ye gaana itna bekar hai band karo yaar saala -_-,1
mazaak bana ke rakh diya hai sabka,1
koi sense hai iss baat ka,1
chal packaging toot ke aayi hai kya service hai bewakoof :/,1
make in India se manufacturing badh rahi hai,0
sabhi yeh refugees ko bahar nikalo desh se inki nasal ko >:(,2
bahut achha parking nahi mil rahi hai kahi bhi friends ^^,0
guys farewell party mein sabko rona aa gaya dost,0
bahut achha chandrayaan mission successful raha proud moment dost ^^,0
unke yeh religion cancer hai society ka inhe,2
yeh log demographic change kar rahe hain desh ka,2
sun teri drawing dekh ke bachche bhi better banate hain kamina -_-,1
suno fine dining experience bahut premium tha guys :P,0
independence day pe desh ko salaam,0
unke tujhe raste mein dekh lunga phir batata hoon inhe,2
ghulam banana chahiye inhe phir se,2
be koi sense hai iss baat ka yaar >:(,1
arey mentorship bahut important hai career mein bhai <3,0
saare inhe public spaces mein aane mat do,2
muslim log unpadh hote hain zyaadaatar,2
dekh irrelevant hai tu ab gadha,1
unke god kare tu mar jaye inhe >:(,2
hum sab ek hain,0
be negative vibes deta hai hamesha saala >:(,1
sab inke family ko bhi threat karo poori qaum ko,2
abe koi sense hai iss baat ka saala,1
yaar yeh project complete ho gaya finally friends :),0
wo sabki madad karta hai,0
wah yeh web series bahut engaging hai ek baar mein dekh li zaroor :P,0
bhai housewarming party mein bahut log aaye zaroor :),0
in patthar maaro inhe sabko inki nasal ko,2
chal show off karta hai hamesha saala -_-,1
lukkha hai pura din phone pe lagaa rehta hai,1
all humans are born equal,0
be irrelevant hai tu ab ch***ya :/,1
kya baat hai sharma ji ka beta IIT mein gaya bahut achha :D,0
poore yeh dalit log humare barabar nahi hain yeh sab,2
sun aimless hai tu bas ghoom raha hai bewakoof >:(,1
bahut achha budget banao monthly expenses track karo haan bhai ^^,0
IPL ka season shuru ho gaya excited,0
abe mazaak bana ke rakh diya hai sabka ch***ya -_-,1
saala chugalkhor hai sabki burai karta hai pagal,1
be rank nahi badhega tera kabhi bhi saala -_-,1
cheap quality hai yeh sab nakli pagal >:(,1
suno street food ka apna charm hai zaroor :),0
inhe education mat do anpadh rahein,2
in yeh log apne mazhab ki wajah se kamzor hain,2
arey mai achhi hu sahi hai :P,0
dosto mere pet dog bahut cute hai kya baat hai :),0
yeh hindus deserve hate sabko,2
humanity is about kindness,0
dekh class nahi hai tujh mein bilkul bhi saala,1
yeh gandi nasal hai sabko khatam karo sabko,2
abe bekaar hai yeh product waste of money ch***ya -_-,1
yaar onam ki shubhkamnayein Kerala ke logon ko sahi hai :D,0
auraton ki jagah ghar mein hai bahar mat niklo,2
Gardening shuru ki hai balcony mein,0
unke inke bachche humare bachcho ke saath nahi khelenge inki nasal ko >:(,2
clueless hai kya ho raha hai pata nahi,1
sun meeting bahut bekar thi time waste kamina,1
suno scuba diving try karni hai next vacation kya baat hai <3,0
saala nikamma hai tu kaam dhanda kar ch***ya,1
sheep hai tu jo bola wo maan liya,1
kitni gandi movie thi yaar bore ho gaya,1
sun complaint karo toh koi sunata nahi nikamma :/,1
dekh wannabe hai asli nahi hai kuch bhi be,1
insecure hai isliye doosron ko neecha dikhata hai,1
arey being human means being kind pakka :P,0
marathon mein participate karna hai next year,0
saare inke WhatsApp groups mein zeher failta hai in logon ko,2
inhe naukri nahi milni chahiye,2
hatt gadha hai sala kuch samajh nahi aata bewakoof,1
inhe rape threats do sabko,2
camping mein stargazing ka maza hi alag hai,0
chup traffic mein fas gaya pagal ho jaunga pagal,1
inhe army mein mat lo bharosa nahi hai,2
auraton pe trust nahi karna chahiye,2
gadha hai sala kuch samajh nahi aata,1
christmas ki bahut shubhkamnayein,0
chal chapri log hain sab yahaan pe ch***ya :/,1
saala level hi kya hai tera bhai bhai >:(,1
kya baat hai beach pe sunset dekhna bahut relaxing hai kya baat hai :D,0
poore janwar bhi achhe hote hain in logon se,2
Kerala ka backwater experience amazing tha,0
unke yeh log demographic change kar rahe hain desh ka sabko >:(,2
inhe apne state mein wapas jaana chahiye,2
inhe parks mein mat ghusne do,2
tamaam yeh log sirf bhikh maang sakte hain inki nasal ko,2
yeh aag lagao inke ghar mein sab jala do sabko,2
in inke laws alag hone chahiye strict wale inki nasal ko >:(,2
abe chugalkhor hai sabki burai karta hai bhai :/,1
kuch meaningful kar nahi sakta tu,1
chup izzat ki toh baat hi mat karo yahan be -_-,1
in desh ki saari problems inki wajah se hain sabko,2
"eid mubarak sabko, bahut khushiyan mile",0
sun school mein yeh nahi sikhaya kya yaar -_-,1
sun sheep hai tu jo bola wo maan liya bewakoof >:(,1
tujhse na ho paayega chhod de,1
chal chup kar bewakoof insaan bewakoof :/,1
oye traffic mein fas gaya pagal ho jaunga ch***ya >:(,1
tamaam inhe second class citizen banana chahiye poori qaum ko,2
tamaam ethnic cleansing chahiye yahan pe in logon ko,2
poore inki jhuggi jalao sheher saaf karo in logon ko,2
chal try hard hai bahut par result zero be :/,1
yaar time management bahut important hai haan bhai <3,0
art exhibition dekhne gayi thi bahut inspired hui,0
"arey papa ki salary aa gayi, party karo bhai :)",0
guys kal market jaana hai shopping ke liye haan bhai ^^,0
yeh aurat ko marna zaroor chahiye kabhi kabhi sabko,2
bahut achha SRK ki nayi movie blockbuster hogi pakka :D,0
hacker hai yeh report karo sab be >:(,1
noob hai tu uninstall kar game,1
yeh project complete ho gaya finally,0
be kameeni hai yeh ladki sabko use karti hai pagal,1
notes share karo please woh topic miss ho gaya,0
arey iPhone ka naya model bahut expensive hai bahut achha ^^,0
yaar sab badhiya hai yaar guys :P,0
bahut achha baby shower ki planning ho rahi hai bilkul ^^,0
Kerala ka backwater experience amazing tha definitely :D,0
be kya presentation thi isse achha toh main de deta pagal -_-,1
kachra hain yeh logo ko fekna chahiye inhe,2
sun nautanki band kar apni drama queen yaar :/,1
bahut achha mai mehnat karta hu haan bhai :),0
echo chamber mein hai tu bahar nikal ch***ya -_-,1
yeh saza do sabko kathor se kathor yeh sab >:(,2
chup auto wala meter se nahi chalta loota jata hai be,1
yeh Nepali log sirf chowkidari kar sakte hain yeh sab,2
is community ko itna pareshan karo ki desh chhod ke bhaag jayein,2
suno momos bahut tasty the aaj street se dost ^^,0
hatt singing mein sur hi nahi milta tera be -_-,1
yeh inhe voting rights se vanchit karo inhe >:(,2
tax planning karo sahi time pe,0
abe waqt barbad kar raha hai mera yaar >:(,1
OTT pe bahut content aa raha hai,0
in inhe constitution se protection nahi milni chahiye inhe,2
inke inhe guinea pig banao medical ke liye puri community ko,2
arey research paper likh raha hoon topic pe pakka ^^,0
sab aurat ka dimag chota hota hai puri community ko,2
bhai professor ne bahut achha explain kiya yaar <3,0
in inhe zinda rehne ka haq nahi hai yeh sab,2
yeh log keede makode hain society ke sabko >:(,2
saare inke visas cancel karo sabke puri community ko,2
kameeni hai yeh ladki sabko use karti hai,1
inke tere poore group ko khatam karunga sabko >:(,2
poore inhe voting rights se vanchit karo in logon ko >:(,2
standup comedy show dekhne jaayenge weekend pe,0
dosto sab log acche hain pakka :),0
kya baat hai notes share karo please woh topic miss ho gaya guys :),0
"arey aaj pehli baar bike chalai, maja aaya guys ^^",0
yaar wo bahut acche human being hai mast hai :P,0
kya baat hai Morning walk ke baad chai pina best combo hai kya baat hai :P,0
simp hai yeh ladkiyon ka,1
tamaam inki jhuggi jalao sheher saaf karo sabko,2
chup surface level knowledge hai teri be :/,1
biased hai bahut neutral nahi reh sakta,1
chal gandagi failata hai yeh aadmi ch***ya >:(,1
saala clickbait thumbnail lagata hai jhootha,1
chal ullu ka pattha hai samajh nahi aata yaar >:(,1
gandi nasal hai sabko khatam karo puri community ko >:(,2
dosto ghar ki safai karni hai weekend pe kya baat hai :),0
in mental illness waale pagal hain lock up karo yeh sab >:(,2
arey hum sab acche hain yaar :P,0
guys yeh phone ka battery life amazing hai yaar :D,0
inhe jobs mat do humara haq hai pehle,2
inhe harass karo online tab chup honge,2
bungee jumping ki himmat nahi hai abhi,0
oye tujhse na ho paayega chhod de bhai -_-,1
dosto society mein Diwali celebration plan ho raha hai bahut achha <3,0
yeh log breed karte hain janwaron ki tarah,2
inke church jala do,2
kya baat hai grocery leni hai ghar pe kuch nahi hai guys ^^,0
chup waqt barbad kar raha hai mera ch***ya :/,1
dosto maa ne aloo paratha banaya hai fresh,0
Rajasthani log backward hain abhi tak,2
unke inhe island pe chhod do mar jayenge khud sabko,2
saare inhe transport mein alag section do yeh sab,2
circus chal raha hai yahan toh,1
bhai road trip pe playlist ready karo friends :P,0
"wah kya plan hai aaj ka, batao pakka :P",0
saare yeh log desh pe bojh hain hatao inhe yeh sab,2
tujhe aur tere jaise logon ko mita denge,2
saare masjid tod do poori qaum ko,2
yaar mehnat karo sapne poore honge definitely :),0
in muslims deserve hate inki nasal ko,2
dosto bahut accha article likha hai tune haan bhai :P,0
suno professor ne bahut achha explain kiya definitely,0
tumhare liye jagah nahi hai is desh mein,2
be tere se toh umeed hi chhod di maine bewakoof >:(,1
sun red tape itna hai kaam hi nahi hota ch***ya >:(,1
yeh yeh immigrants desh barbaad kar rahe hain inhe,2
aimless hai tu bas ghoom raha hai,1
saala bhakt hai tu sab maaf kar dega be,1
kya baat hai Kal se healthy eating start kar raha hoon bahut achha :P,0
unke zinda gaad do in logon ko in logon ko >:(,2
"dosto happy holi, rang barse aur khushiyan bhi :)",0
chup signal tod ke jaata hai sala saala -_-,1
bahut achha cloud computing ka future bright hai haan bhai :P,0
poore inhe hospitals mein treatment mat do puri community ko,2
inke inhe toh cage mein rakhna chahiye puri community ko,2
sab inhe transport mein alag section do poori qaum ko >:(,2
in yeh log humare jobs cheen rahe hain yeh sab >:(,2
yeh transgender log normal nahi hain,2
sun decision making zero hai teri nikamma -_-,1
wo ek sachcha insaan hai,0
Rishikesh mein rafting karni hai next time guys :D,0
in masjid tod do in logon ko >:(,2
hatt bekaar hai yeh product waste of money ch***ya >:(,1
saala AFK rehta hai hamesha useless player bewakoof,1
wah Reading a really good book right now bhai <3,0
guys concert ki tickets mil gayi lets go sahi hai,0
return process itna complicated hai pagal kar diya,1
inke Twitter accounts suspended hone chahiye,2
app development seekh raha hoon React Native mein,0
chal chup kar bewakoof insaan bewakoof >:(,1
garbage nahi uthate yeh municipality wale,1
saare inki soch jangli hai modern nahi ho sakte in logon ko,2
puraani diary mili bahut yaadein tazaa ho gayi,0
signal tod ke jaata hai sala,1
in logon ko mar jana chahiye,2
bahut achha backpacking trip pe jaana hai this summer haan bhai <3,0
overconfident hai apni aukaat dekh,1
sabhi yeh log civilization ke layak nahi hain yeh sab,2
dekh tujhe kya pata tu toh andha follower hai nikamma,1
be yeh project toh fail hoga pata hai mujhe bewakoof,1
tamaam desh ki saari problems inki wajah se hain >:(,2
be wrong side pe chalata hai pagal gadha >:(,1
breakfast mein paratha aur chai best hai,0
suno cousin ki engagement hai next Sunday guys <3,0
sun fraud hai yeh banda sabko cheat karta hai pagal >:(,1
janwar bhi achhe hote hain in logon se,2
abe itna slow hai network se bhi zyada yaar >:(,1
ye gaana itna bekar hai band karo yaar,1
humara dharm sabse achha hai baaki sab faltu,2
kameena hai wo mujhse paise leke bhag gaya,1
kabhi haar mat mano success milegi zaroor,0
bahut achha likhte ho tum blog pe,0
unke inhe relocate karo door sheher se yeh sab,2
inki jhuggi jalao sheher saaf karo,2
sun gadha hai sala kuch samajh nahi aata saala :/,1
you better die,2
"yeh movie bahut amazing thi, loved it friends ^^",0
wah sab insaan barabar hain mast hai,0
acche insaan hamesha madad karte hain,0
inhe segregate karo humse door rakho,2
poore aurat ki izzat uske kapdon se hoti hai yeh sab,2
chup subscribers fake hain iske sab yaar :/,1
saala chapri log hain sab yahaan pe bhai >:(,1
"dosto good morning everyone, have a great day dost :)",0
sabhi inhe death threats do dar jayenge poori qaum ko,2
masjid ki jagah mandir banega har jagah,2
hatt standard itna gir gaya hai ab toh nikamma :/,1
bhai assignment submit karna hai kal tak bilkul ^^,0
oye kitna bekar khelti hai yeh team bewakoof -_-,1
sab torture karo inhe maut tak inki nasal ko,2
gossip karta hai sabki peeth peeche,1
